"","Russia","Germany","Iran","Bangladesh","Malaysia","Yemen","Israel","Saudi Arabia","Liberia","Tanzania","Slovakia","Iraq","United Kingdom","Lithuania","Moldova","Bolivia","Panama","Peru","Brazil","Cameroon","Nepal","South Korea","Ukraine","India","Paraguay","Pakistan","Zimbabwe","Trinidad and Tobago","Algeria","Central African Republic","Japan","Haiti","Philippines","France","Cuba","Cambodia","Burundi","Uganda","Mongolia","Niger","Singapore","Hungary","Armenia","Turkey","Thailand","Venezuela","El Salvador","Greece","Poland","Bulgaria","Jordan","Kyrgyzstan","Togo","Botswana","Romania","Denmark","Senegal","Latvia","Morocco","Bahrain","Dominican Republic","Italy","Zambia","Benin","Belgium","Uruguay","Egypt","Norway","Canada","Mozambique","China","Honduras","Indonesia","Austria","Sierra Leone","Kenya","Chile","Mali","Tajikistan","Ecuador","United Arab Emirates","New Zealand","Lesotho","United States","Sweden","Finland","Costa Rica","Namibia","Nicaragua","Colombia","Sri Lanka","Mauritius","Rwanda","Portugal","Switzerland","Ireland","Slovenia","Kazakhstan","Croatia","Kuwait","South Africa","Guatemala","Malawi","Mexico","Tunisia","Spain","Argentina","Ghana","Mauritania","Estonia","Albania","Australia","Netherlands","Jamaica","1st Qu.","3rd Qu.","Mean"
"1950",NA,66.66252,48.45985,47.47802,56.15105,60.32124,68.34946,54.77214,56.64748,55.21658,NA,47.90544,70.06432,NA,NA,65.1815,60.86957,58.30374,62.04349,52.63326,53.00247,59.68084,NA,51.49225,58.82704,49.28548,63.41454,65.99895,58.69954,60.21185,66.1355,63.90347,62.00456,67.03228,64.67327,65.13569,59.25636,55.56835,68.67823,49.01281,57.44149,71.69606,NA,55.10971,63.02286,60.04261,57.67803,57.69523,66.66796,68.72687,49.7469,NA,51.75219,68.39401,67.45721,64.07893,55.79893,NA,58.15609,51.66615,64.91467,64.66709,57.47963,59.9061,65.1508,68.41212,47.68605,62.60097,65.14561,51.64453,60.5041,58.65751,55.85091,65.83807,57.32326,58.33762,61.00049,50.99177,NA,56.97483,52.1094,64.49525,63.66963,64.51425,67.26588,69.57641,59.40273,64.27669,57.25647,60.33999,59.88075,58.41887,63.27177,61.01946,62.57391,65.1618,NA,NA,NA,52.2041,64.95722,54.15904,61.38213,61.20332,54.41555,58.01063,62.90646,56.07409,56.82318,NA,62.16758,64.61433,64.70131,64.93792,56.15105,64.67327,60.0305011881188
"1951",NA,67.74898,54.53848,48.85684,58.14706,58.48415,66.65957,53.42138,55.83962,59.45725,NA,48.82247,69.5788,NA,NA,59.83142,60.72961,57.95481,61.79564,58.47605,55.60163,59.31821,NA,53.96334,60.95194,51.32131,65.49684,66.03772,54.34438,60.58433,63.81518,60.94463,59.91516,68.24951,61.82413,72.38321,62.69901,59.27914,73.08472,44.06418,57.21862,71.15437,NA,55.928,63.52693,61.29954,60.12487,56.62088,66.58227,67.86451,50.53498,NA,56.79463,67.59877,61.87245,64.64648,59.35401,NA,53.81587,57.68635,62.57927,62.39139,58.54428,60.4266,65.87632,65.89176,49.61859,65.42973,60.98845,52.70589,60.79155,57.75431,57.78861,64.61826,60.56289,59.80207,61.08288,54.7433,NA,59.36445,54.48458,61.80549,66.37655,66.66184,68.05575,65.18042,60.28817,66.81432,58.11202,56.10826,60.10954,54.66309,67.49998,57.9932,62.48129,65.02108,NA,NA,NA,57.97631,66.54648,55.32293,59.55395,58.43479,53.00277,61.16642,70.21036,61.54259,56.4294,NA,65.20097,63.45541,63.20243,64.23388,57.68635,64.64648,60.5518722772277
"1952",NA,64.84242,56.52186,53.96572,59.05707,53.8213,67.78581,52.12538,60.44188,61.72845,NA,56.46351,67.05239,NA,NA,60.82161,63.52314,61.04401,63.79401,57.50824,57.27583,57.26599,NA,55.06923,59.41585,50.23438,61.09572,63.9551,53.70153,61.19967,64.40845,60.57506,62.55084,68.03822,61.29213,67.31916,64.57057,60.32481,73.49103,46.79174,62.61995,71.05031,NA,56.69418,62.83794,54.53733,57.54225,57.81473,70.30973,68.14068,54.10113,NA,57.07823,63.33768,67.13615,63.60322,60.1007,NA,53.98703,60.39762,56.90096,61.97106,59.87101,60.95809,65.84652,63.74071,51.62761,62.16999,65.46542,58.31292,62.21987,60.95974,59.40894,63.25948,55.39604,59.79312,62.49724,54.16252,NA,60.30821,60.12297,61.63817,66.83123,66.95117,68.34764,69.29183,59.80737,64.78624,54.42941,57.05922,58.49592,55.72021,66.25628,62.30567,64.89353,61.67856,NA,NA,NA,60.76148,65.97849,58.44806,58.39963,56.11768,53.90455,56.73456,67.25394,59.88222,58.45128,NA,65.3003,63.14905,61.76812,64.35411,57.27583,63.9551,60.8351416831683
"1953",NA,63.24024,53.56021,55.78814,60.95668,56.35735,65.41301,50.55052,54.98167,59.98692,NA,53.83635,67.16284,NA,NA,61.2722,60.34534,58.24503,61.5584,58.23611,57.96874,59.41062,NA,54.16363,61.49094,51.53112,62.6859,63.84657,57.16289,63.98998,63.48627,61.77404,63.7674,66.16443,60.82049,68.75285,64.84351,66.46885,73.93313,51.81197,62.39893,71.80718,NA,56.51391,67.13863,62.92147,60.60877,61.20816,70.3584,68.95495,53.52174,NA,56.82573,65.09184,64.74766,66.46688,60.7523,NA,55.65156,56.67785,58.24377,64.28507,57.29362,64.56538,65.96997,64.5337,53.13729,66.85563,67.91986,63.29317,62.5259,56.85591,57.86261,64.31749,57.72437,60.70688,60.73244,51.7334,NA,59.55112,60.98226,68.67396,66.43411,66.15977,68.94043,67.43267,64.67958,66.87139,55.36061,61.0832,56.98874,58.01587,67.22544,61.68042,63.03706,63.21027,NA,NA,NA,65.00922,66.47089,57.43498,62.39248,58.42411,57.95452,56.76102,70.47183,61.51628,55.21263,NA,63.97491,65.52167,64.1754,66.40258,57.86261,65.09184,61.6219423762376
"1954",NA,70.90981,51.08517,53.92033,58.38163,55.85116,68.06918,52.67633,56.5296,60.42324,NA,52.2268,67.09538,NA,NA,61.64045,61.99516,59.15426,60.28268,58.02255,55.37558,60.31384,NA,52.558,60.39095,49.616,63.3861,65.93912,62.10764,62.75082,67.07023,58.65223,61.35966,69.5818,63.25551,68.68359,64.32025,57.72279,70.50601,51.82054,59.2111,71.74039,NA,56.51254,64.36121,57.72444,59.67929,61.02215,71.30064,69.05378,55.03356,NA,55.5321,67.43385,69.53341,67.86776,59.43781,NA,55.06582,56.23914,63.10045,64.22814,59.68623,60.54518,64.20976,64.40312,52.83762,65.31007,66.86575,60.71572,60.71546,58.58661,58.80726,65.99413,56.31291,61.17068,62.67805,53.63063,NA,60.18192,57.31932,66.03099,63.31887,69.74668,68.10829,71.69453,60.8677,64.73837,54.74091,62.48629,57.97717,62.08381,69.06536,63.69682,63.36553,65.4549,NA,NA,NA,55.20303,66.30763,57.53892,61.66678,61.82391,54.69043,58.47132,67.3826,62.32437,57.65841,NA,63.61815,65.51696,64.02504,66.55008,57.72444,65.4549,61.5235271287129
"1955",NA,66.29886,47.2974,47.83739,53.18178,54.982,65.03465,51.37253,57.70544,57.97693,NA,48.79713,68.71338,NA,NA,59.28074,64.96211,56.83001,63.28164,54.81909,54.91061,60.20744,NA,50.41439,60.60404,48.41292,63.4379,65.22657,60.28152,64.57091,66.68367,59.58848,62.09769,66.30014,68.97797,66.86877,61.38293,56.46512,72.37981,49.77364,57.10339,70.33281,NA,57.92913,62.213,62.59898,60.80698,59.88619,72.93622,70.64997,51.15677,NA,53.64151,70.996,70.4547,68.18942,56.26897,NA,57.68886,52.38044,63.78551,65.01865,60.70492,57.89079,67.58433,67.76017,49.56743,66.36396,68.24676,60.08539,59.74357,58.56915,57.51284,63.85683,57.86952,57.72304,63.84619,53.4646,NA,61.58773,55.20845,64.36594,65.85687,70.21658,70.93458,70.50426,64.51939,66.01111,57.26347,60.18667,59.61158,58.89131,66.35398,63.86956,64.59187,67.43734,NA,NA,NA,54.50789,66.37741,56.14266,60.4292,61.42262,51.66143,60.55348,70.71989,60.00889,61.935,NA,65.1317,64.10161,67.62459,69.62383,57.51284,66.29886,61.2815196039604
"1956",NA,67.04141,48.95998,51.75612,58.72927,56.07732,67.82981,50.97141,60.2144,58.30395,NA,51.93422,68.28871,NA,NA,58.63967,63.13197,62.27888,61.57831,54.53059,58.99714,60.97166,NA,53.64754,59.32004,51.93915,64.10318,66.41412,56.49577,62.15116,62.67938,62.10628,62.49688,65.06641,65.38796,66.03776,64.67811,61.28737,73.3543,49.76091,56.83222,72.98108,NA,56.78417,63.52115,58.66137,59.4984,60.29794,71.6844,69.71356,53.96789,NA,57.84298,66.72066,70.54719,68.03382,57.47472,NA,57.74013,55.59869,61.68087,64.24196,58.28931,61.16294,65.65487,66.98942,53.22376,64.08246,65.61497,61.56854,63.66704,58.36479,61.25946,62.70914,58.28875,59.62255,63.7243,51.56136,NA,60.28994,54.93891,64.66692,63.1504,68.55574,68.17108,71.57929,63.3665,66.83873,54.88362,62.16712,59.64477,62.26297,67.16993,60.52529,61.71578,65.632,NA,NA,NA,56.70966,65.16758,56.20182,62.27066,61.8736,53.73515,58.44903,71.63504,63.36219,57.85625,NA,64.62185,63.01003,65.3684,66.75444,58.28875,65.16758,61.4786404950495
"1957",NA,68.38615,49.61289,57.14058,59.21981,57.81437,67.38354,49.49426,54.34724,62.18734,NA,50.68503,67.1057,NA,NA,58.25155,62.41419,61.9087,62.84763,59.46495,58.71518,61.28894,NA,53.07077,61.25795,52.02769,65.81035,63.72781,57.06935,60.32252,63.55712,62.02005,62.88368,65.71029,58.44169,64.01777,67.25175,63.21621,68.15878,53.47268,54.01304,70.27804,NA,52.76172,62.79398,63.29661,60.42476,61.22942,66.44562,70.36733,51.68517,NA,59.10577,65.35017,70.50273,64.4527,58.41968,NA,55.56502,55.60165,59.12619,63.63761,58.06188,64.44112,69.03476,65.39373,51.85676,65.11564,66.38844,59.89881,63.22449,58.90168,61.61047,64.69004,55.88607,60.59082,64.52861,54.45634,NA,60.11562,61.37861,63.66501,64.83314,69.06564,70.48882,72.33427,62.81323,64.3115,55.52489,61.70185,60.52394,58.31397,67.82672,61.50878,63.63381,63.70995,NA,NA,NA,61.32645,64.63376,56.46676,63.43104,57.61608,51.19382,57.28621,64.95178,64.47396,59.6211,NA,62.48899,63.65079,64.88881,64.5608,58.31397,64.5608,61.363975049505
"1958",NA,65.43626,52.94073,52.57331,62.09688,57.01888,67.57269,51.17122,57.78958,59.99318,NA,55.53142,66.21924,NA,NA,61.84144,61.63372,62.05141,60.33952,58.06633,59.80135,58.89373,NA,52.32718,59.4593,52.51155,62.14416,63.68024,54.2664,61.61382,63.29685,61.37155,62.21921,67.81761,61.09601,65.52631,62.55162,61.54615,66.08782,50.88611,59.19168,71.48016,NA,56.97572,63.18571,62.49203,59.38159,59.70093,62.95069,70.47757,52.65308,NA,59.4977,65.27567,70.68696,67.17775,55.60533,NA,56.61967,58.71088,56.96263,62.32615,56.54243,62.18774,64.79062,66.24137,51.64885,64.38337,66.60442,60.81567,63.08392,59.61508,59.96299,66.24298,56.16657,59.33924,63.8812,51.11592,NA,58.29833,63.32696,65.81239,66.34605,67.52183,68.97972,65.9617,63.03167,66.57889,55.39151,65.03878,62.09859,61.87359,67.86608,59.13561,64.64516,64.09366,NA,NA,NA,59.70765,66.89733,58.80741,62.70231,60.65497,51.55901,60.45292,62.92968,64.18811,58.32792,NA,63.60094,62.52919,66.13317,66.70757,58.80741,64.79062,61.3321361386139
"1959",NA,66.04736,50.79666,50.5754,56.50889,51.63027,66.21912,53.47979,57.32247,59.00938,NA,51.46264,70.14394,NA,NA,59.14967,61.70577,63.32815,61.52146,58.97737,52.61715,59.82914,NA,52.78126,60.96105,50.22579,61.92796,65.73015,52.89916,59.16571,65.20533,59.21994,62.22137,66.31011,59.75307,64.72081,64.93518,57.16943,67.01574,48.6105,61.22216,71.072,NA,59.24064,62.9108,59.09471,58.89177,58.75412,69.24799,73.15446,51.22489,NA,58.27627,66.28543,71.54563,66.77487,57.89923,NA,55.40447,57.49119,59.13889,63.8183,58.23068,61.11666,68.29306,66.42925,50.62555,66.20469,64.53566,59.85195,62.37249,60.30905,58.82025,62.56551,54.77422,59.94704,62.20896,54.77663,NA,60.16076,60.34641,64.61242,62.45402,67.13264,66.33485,69.2261,62.70382,64.67024,54.70714,64.02339,59.80235,57.92806,64.083,60.83667,63.25368,65.19174,NA,NA,NA,55.03831,65.23399,57.75664,58.22098,60.11885,51.97755,56.37994,63.66285,61.86111,58.86107,NA,65.60477,64.88904,68.70646,67.49876,57.92806,64.88904,60.8412303960396
"1960",NA,69.29671,49.74023,50.10794,56.18502,52.95689,63.74697,51.95341,57.23101,59.82464,NA,53.94734,67.11127,NA,NA,57.85696,62.75507,61.80715,59.24515,53.93303,52.02433,58.04211,NA,52.01066,60.19519,49.80791,63.02335,64.75368,53.62938,58.62724,66.06459,57.27103,62.53284,67.54647,62.05193,65.10507,63.96122,60.75213,71.55824,45.29888,59.84973,72.12131,NA,59.84582,67.52903,59.40705,60.75526,60.08337,68.80028,71.35456,50.63802,NA,59.07004,67.33536,70.41004,64.68681,53.18824,NA,52.99336,56.68553,60.4025,63.41028,59.00058,61.36096,66.0827,67.19993,47.47864,64.89311,66.24536,57.51214,62.93277,60.70736,61.40886,66.4128,57.69747,56.99699,62.82483,50.29081,NA,63.07965,54.92467,65.83954,65.46114,66.04674,69.76097,70.85031,64.05588,58.91045,54.62802,62.87989,59.95604,57.81642,63.6832,60.86403,63.57214,66.0447,NA,NA,NA,55.09729,63.89813,56.41971,58.02323,59.83595,52.09438,59.73685,62.84982,60.13287,59.29634,NA,65.35968,64.39462,65.32327,69.2636,57.27103,64.89311,60.689767029703
"1961",NA,68.66462,52.56613,49.05417,57.5534,52.73465,66.1943,52.31017,55.07102,61.26071,NA,53.23591,66.31933,NA,NA,58.94267,62.06487,57.59843,61.03778,57.84316,54.58287,59.43745,NA,53.21261,59.91454,49.35817,64.90952,65.03281,54.45612,60.16833,67.40113,61.61394,61.41679,65.6858,63.09096,66.34908,63.17921,63.18189,72.48853,48.98635,59.0357,69.5979,NA,56.77569,62.71216,57.62406,58.60726,63.09429,72.32877,70.94096,50.32862,NA,58.2821,65.65259,69.29892,69.09591,56.22006,NA,53.96997,57.56164,57.22232,61.08036,61.03112,63.38452,64.53585,66.42076,51.69911,65.49128,63.1151,63.12918,64.44376,59.04498,57.99463,67.49896,59.54174,60.61271,63.76305,53.71455,NA,57.20062,57.56435,63.62965,66.16291,66.93426,69.12913,72.54786,60.92102,60.14198,54.37727,64.26241,60.58583,58.49688,65.64857,64.13106,61.98948,62.43044,NA,NA,NA,55.65403,63.84488,57.78858,63.68485,61.95156,50.62179,61.00175,62.85735,63.5682,60.12053,NA,64.12796,62.88806,64.20735,66.7304,57.59843,64.44376,61.0590991089109
"1962",NA,66.84625,59.04931,50.90315,60.37897,56.90289,66.53566,52.13361,56.48303,62.36077,NA,56.69408,66.46702,NA,NA,57.14878,60.66079,59.21652,60.1863,58.98197,54.01503,60.48867,NA,54.46631,57.31794,51.10452,64.80172,59.57052,52.25175,61.39588,67.57667,61.84109,63.74068,63.91671,65.90671,63.56255,62.07425,61.48217,71.11512,50.8644,59.68428,72.50734,NA,53.92056,60.47779,59.05764,59.3104,61.22538,69.97005,73.28008,54.19746,NA,57.18644,62.07009,70.13576,68.11269,55.54405,NA,56.39495,55.06251,59.34359,65.10324,61.71757,61.16525,66.77988,65.77889,52.60686,65.34519,63.80248,60.54358,61.60351,58.11804,61.38426,64.31353,57.98425,59.47895,62.06039,52.24103,NA,55.79553,61.58925,65.0141,64.9836,67.9511,71.95857,71.02345,56.27626,62.48628,53.98825,62.70656,57.69728,57.2422,63.49717,62.16208,65.43515,64.8774,NA,NA,NA,52.99704,59.77359,55.65121,64.62572,63.26995,52.01763,61.76371,63.32052,63.09906,59.64018,NA,62.44348,65.2,67.57782,69.25273,57.2422,64.80172,61.1016497029703
"1963",NA,64.79287,55.75208,55.21279,58.75928,51.81604,64.91104,52.47296,56.98386,60.77661,NA,55.28163,68.99565,NA,NA,61.62496,63.81533,57.4401,58.4646,54.96818,55.05129,59.893,NA,53.92651,58.89087,51.86301,63.66432,63.13397,51.72407,61.26866,66.67524,60.85229,62.59955,65.66713,63.18183,65.48251,62.37349,63.72191,71.73806,50.00419,63.64637,73.2596,NA,55.69108,61.64184,61.63605,62.06955,61.59627,69.71006,73.67101,49.86883,NA,53.55114,67.32203,69.92732,65.44227,53.85474,NA,56.70489,58.27366,61.75527,65.61256,60.56681,57.1019,68.02811,62.01354,53.57105,65.66587,66.81345,59.78564,61.14345,56.20218,62.50502,65.66913,60.86906,58.98659,62.04613,53.88062,NA,56.9267,59.05716,62.68241,66.96071,67.30764,72.5288,70.38453,58.30774,64.97609,53.49556,62.57127,55.54732,62.09036,65.82608,63.85968,61.68645,62.69998,NA,NA,NA,53.56205,64.88984,55.28718,64.52975,60.98285,55.53572,64.66387,63.87975,61.85849,61.58785,NA,65.2816,64.36491,66.96268,70.08564,56.98386,64.91104,61.3291448514851
"1964",NA,68.80806,53.93795,50.80056,60.7079,52.53242,65.71345,53.50786,56.72129,58.86188,NA,54.89152,68.02579,NA,NA,59.15499,60.98865,61.33989,63.02292,56.23652,55.97321,61.90261,NA,50.41234,60.90676,52.45354,66.67691,62.32903,54.88598,59.57878,63.84332,61.19414,67.69111,63.352,67.13094,66.49146,65.2825,61.99667,74.23021,47.69746,61.20056,73.46746,NA,61.40371,63.84485,57.95818,61.31263,59.07941,72.84723,74.28001,51.72077,NA,56.62182,70.70099,71.65826,67.8401,55.95419,NA,54.08164,57.88183,61.98003,64.50012,60.03178,59.82138,69.9112,67.20748,54.55862,64.75426,66.46283,60.42249,64.4618,60.06703,62.71889,65.50937,57.25116,61.71703,64.44327,51.48705,NA,61.52604,59.88055,67.37304,66.03268,68.23998,68.85965,73.01793,58.64307,66.01654,57.45737,60.65975,59.14613,57.49465,65.60413,62.6522,65.61534,63.99235,NA,NA,NA,53.57626,65.5654,54.66038,62.10855,63.23268,53.86091,59.9152,63.50681,61.72811,59.69665,NA,67.34187,65.58006,67.49293,67.66067,57.95818,65.71345,61.8473062376238
"1965",NA,67.89448,52.66008,48.39817,56.39815,49.88948,67.99217,51.52594,56.15222,57.64831,NA,52.92542,68.90784,NA,NA,59.48243,64.06266,60.0601,62.65381,55.98121,54.83485,59.50242,NA,51.37025,60.67249,52.16907,65.93225,65.3987,51.15082,58.03126,66.75613,61.70148,65.77951,67.61074,69.15657,66.03039,62.23926,58.64719,73.45243,48.10075,62.29272,73.95471,NA,55.88996,63.15021,61.42799,61.89142,59.38268,70.95353,72.16187,50.12228,NA,54.34713,66.46952,70.31934,65.79738,55.43181,NA,53.22137,56.31524,58.0216,63.28424,59.25336,57.55696,66.4728,65.57533,49.73735,68.54046,67.35532,57.82081,65.72253,61.57126,59.36137,66.14779,57.88017,57.45337,67.5939,50.70799,NA,61.96075,58.59549,66.15141,65.95314,67.24675,70.08254,74.10888,63.08397,65.71345,54.52945,64.10338,61.54193,60.01979,62.18994,62.22078,64.71029,66.53478,NA,NA,NA,54.07817,66.41893,56.15656,59.4185,59.59127,51.5427,60.23456,64.9977,63.39158,57.76761,NA,66.60381,65.74017,67.10874,69.29426,57.45337,66.14779,61.3410502970297
"1966",NA,65.69969,51.9914,55.31221,61.27669,54.91582,65.59864,55.69148,56.89387,62.74981,NA,53.44171,68.20952,NA,NA,57.12542,63.22261,61.54531,61.3724,58.29232,55.25286,59.97563,NA,50.64604,59.21897,52.02439,62.93422,66.2131,51.64576,59.55707,67.51615,62.29412,65.09564,66.01995,62.78908,64.9916,62.6648,56.94824,74.01496,49.51292,60.81624,72.65233,NA,54.82663,62.09992,59.46102,63.05233,61.69176,69.36373,70.7489,51.00138,NA,55.51586,65.04664,69.0891,65.34526,54.2566,NA,53.0363,58.11655,60.43083,65.12965,62.26293,59.52176,64.42443,67.42745,49.94418,64.05019,65.25465,61.73334,65.51402,58.83925,59.50618,64.82035,56.79934,58.42643,65.48604,51.7592,NA,61.8939,60.14156,63.5405,63.47959,66.37512,71.51097,72.41521,63.11384,66.97308,50.52346,63.52509,61.99865,62.48582,67.55025,65.67437,64.29008,64.1244,NA,NA,NA,53.7924,63.9807,56.34903,58.84412,64.21728,51.66452,61.08721,64.38814,58.46927,57.48488,NA,69.93012,64.54566,67.32409,68.43389,57.48488,65.12965,61.3884393069307
"1967",NA,68.0995,53.04871,51.02179,60.34204,57.95764,66.05831,55.33464,61.62328,60.01203,NA,57.64121,66.1292,NA,NA,60.73588,64.15019,58.67628,59.65844,56.04072,56.53133,59.47785,NA,54.08543,59.93878,51.79285,63.36666,67.17595,55.53942,60.81821,65.97217,64.24166,63.97562,68.01239,63.54395,64.02701,65.34479,58.17533,73.23847,49.82392,62.58551,73.90646,NA,57.49074,63.56934,60.06603,62.48947,59.99118,69.83914,69.06936,53.3473,NA,56.78749,65.53677,69.06744,69.99582,57.25877,NA,52.76935,56.85218,58.72253,65.01639,60.78192,59.60754,65.10976,66.24331,51.93161,64.72001,66.46565,58.54968,66.20231,58.25191,61.51074,63.4196,58.96649,58.30852,67.69433,53.7662,NA,58.19468,62.23835,63.70573,66.47249,69.44145,69.89603,72.55233,62.4474,65.96276,56.35505,60.76982,61.94971,60.46514,67.11662,61.95042,64.56416,63.07376,NA,NA,NA,52.50019,61.01794,59.46271,58.53747,58.68481,52.45005,60.68347,63.23511,61.79559,55.28415,NA,67.81911,64.38762,68.61413,66.36862,58.25191,65.53677,61.6386076237624
"1968",NA,65.33363,58.03971,55.46731,58.97886,56.36754,66.08795,53.18317,60.26903,59.32993,NA,57.87584,65.92418,NA,NA,61.31049,61.08027,57.5699,62.65665,56.79988,56.89035,60.59918,NA,54.51552,61.54267,50.05777,61.75291,66.48015,56.04341,62.08543,64.91126,64.13379,64.03281,66.51594,67.39408,65.98108,63.70412,61.69432,75.42434,50.4113,61.45724,72.0814,NA,59.71883,62.16022,61.95117,60.1711,60.15692,70.52883,73.50598,53.66132,NA,57.36488,64.31992,66.57096,68.2426,56.57492,NA,56.29861,57.75719,59.21631,66.13412,58.74181,63.21498,67.77665,65.67479,53.95194,66.74241,66.71038,61.4618,65.00391,60.53435,59.85219,64.60013,59.54546,58.37575,65.79248,52.74495,NA,62.1236,62.72399,66.81343,66.89609,68.10499,69.67741,71.35189,62.16907,69.5435,57.63651,61.16923,64.66628,59.55765,65.95941,62.41887,63.48278,65.36882,NA,NA,NA,52.52242,61.46395,58.38854,59.24124,61.37771,55.65606,59.99206,65.57372,62.4813,54.45006,NA,68.38757,63.7008,64.18694,65.48988,58.74181,65.67479,61.9962083168317
"1969",NA,65.42748,53.33435,51.3211,58.01025,52.14539,67.1411,53.65894,59.96475,57.22523,NA,51.71813,67.95179,NA,NA,59.41818,62.62433,60.82149,62.14647,56.53924,53.13898,62.82574,NA,53.25392,60.54434,53.36614,63.12601,65.02223,54.06096,59.85398,67.5368,62.88001,64.57971,66.11904,67.26494,65.7814,67.84407,59.1106,74.32419,48.93021,59.9497,73.2277,NA,57.88089,66.11201,61.92902,62.31818,65.51716,72.72019,74.33293,54.20348,NA,59.72088,65.07738,69.0382,68.76298,55.03929,NA,55.68755,57.35093,58.02441,62.37213,55.36549,62.48729,65.36352,67.74897,51.20949,65.94848,67.30266,59.99906,67.37291,58.9021,58.71192,67.08368,58.08506,57.14867,67.34597,53.30483,NA,63.28987,61.27818,69.01017,64.99789,69.15238,71.91266,71.83257,62.31149,66.51479,53.0627,65.56666,61.43901,60.44605,67.87567,64.47098,64.79148,63.19626,NA,NA,NA,56.31465,64.09157,58.03556,60.03001,61.1174,53.61659,59.40237,65.15246,60.18551,56.00139,NA,66.84537,62.6885,65.82989,62.13112,58.01025,65.94848,61.8242356435644
"1970",NA,65.61357,53.14227,52.06848,58.93309,50.21427,65.90427,52.13754,56.35479,57.33361,NA,53.95802,70.5755,NA,NA,61.57759,62.61779,65.12432,61.22413,55.33272,53.12669,61.05383,NA,52.94291,63.56948,52.47831,65.69242,64.92225,53.19522,60.62644,66.67244,65.50161,65.19156,66.24201,64.56197,64.49605,65.91859,57.97954,71.65629,46.62114,59.84767,71.85643,NA,59.71039,68.68076,60.21438,61.27928,63.97019,73.61804,72.26803,52.99204,NA,57.60358,68.98721,70.97581,67.66043,57.94654,NA,53.91096,55.96696,58.38852,62.57025,58.25941,62.41076,64.59623,68.17805,52.18906,66.64575,67.6447,57.22153,67.53369,60.73219,59.71245,65.61132,56.85789,58.71849,64.88492,52.02477,NA,60.42858,58.72692,68.52551,65.72472,67.32668,71.18265,72.94361,66.53478,65.31194,53.76365,66.31504,59.46572,60.49281,65.05717,61.32611,64.43913,63.57255,NA,NA,NA,53.23768,65.06277,59.05351,59.53429,61.4326,54.03251,60.22399,66.63145,61.31374,56.16787,NA,75.20734,65.853,64.44228,60.33839,57.94654,65.853,61.7811720792079
"1971",NA,67.58561,55.4303,51.12118,57.51705,51.91873,66.93292,52.02121,57.02349,59.91,NA,52.97881,68.72231,NA,NA,61.4034,63.4645,62.57262,66.3053,57.65685,53.70124,61.37341,NA,51.60211,58.675,51.35372,66.12685,62.49324,53.45152,61.90633,65.69729,66.62391,63.29845,67.48113,65.55293,67.55921,66.86233,57.46835,74.94944,50.07539,62.42108,74.41479,NA,57.73287,64.54085,58.86398,59.73486,60.09392,72.81875,75.92568,50.7275,NA,60.12671,68.80137,65.73257,69.18592,59.07,NA,55.14269,54.22186,56.5074,62.00527,62.11757,60.39634,66.22375,65.58423,51.58967,66.14463,66.63298,58.31964,66.0179,63.33633,59.23256,65.08326,58.60945,60.18322,67.32798,52.9529,NA,62.68893,57.64917,65.66755,67.13473,69.0513,72.18504,72.86391,62.81756,65.50207,55.86618,64.55992,60.46342,59.17119,61.78296,64.32752,66.18112,63.1151,NA,NA,NA,57.19621,65.21554,56.47146,62.71448,63.70454,55.46191,63.03755,66.55437,60.36802,55.57117,NA,74.63924,64.37925,66.61749,64.75513,57.65685,66.14463,62.0232736633663
"1972",NA,65.49697,55.47565,52.26804,59.52822,52.38413,66.51926,56.09841,59.64418,57.95077,NA,57.31532,69.15829,NA,NA,59.15277,60.36565,61.42418,62.6557,58.81339,55.40562,59.78377,NA,49.60219,59.27401,54.16611,63.80853,62.39961,55.52521,64.42297,65.59256,66.48259,62.8186,65.70008,64.14658,68.17247,63.56902,59.71346,74.50307,50.9341,64.54054,77.98441,NA,56.19143,64.82947,60.36556,60.62045,64.12157,72.85361,72.26495,52.11036,NA,58.00101,69.49452,70.14147,71.9434,58.4813,NA,53.90859,55.73475,60.3942,65.11918,56.19457,60.77702,65.70136,64.32772,52.0681,68.48783,66.33467,64.37672,67.1669,61.48219,62.88825,64.82088,56.97062,57.31437,65.13754,55.09116,NA,60.43771,57.80898,64.54161,67.21753,69.0588,71.60541,77.02973,63.45286,66.45441,59.65095,64.13404,61.04573,57.6498,62.83625,66.52776,67.5314,62.94635,NA,NA,NA,54.54284,63.48949,56.88413,62.9239,62.59965,56.00558,62.06432,65.67225,60.88714,54.89899,NA,73.34176,65.11972,68.60205,66.41094,57.95077,65.70008,62.2958834653465
"1973",NA,63.77149,58.57526,51.12756,60.12616,54.42285,66.4777,52.7019,56.60989,57.85239,NA,58.72852,68.24053,NA,NA,63.61148,57.80318,62.32906,62.79691,60.04478,55.87111,61.89162,NA,53.07925,61.53617,52.87689,66.01066,64.8123,53.28525,64.16519,66.87596,61.84584,62.92959,68.03645,67.89334,67.78851,66.02365,61.00229,75.49056,52.08387,63.08192,76.84199,NA,56.25522,67.0643,60.90853,60.05898,59.46763,72.09809,71.55977,52.43576,NA,60.44144,67.74893,73.40429,70.19241,60.46949,NA,54.34793,58.12017,62.43554,64.48198,56.90722,60.99703,67.77531,63.87233,50.90619,71.26114,66.12203,64.37522,66.31171,58.59383,61.44025,64.36306,53.83031,60.80379,65.49395,54.55956,NA,60.29196,57.8025,66.47749,66.0468,71.55656,76.58173,75.76865,63.25161,68.73462,57.92565,62.10981,62.31045,58.79003,65.27486,64.94853,70.74522,63.01493,NA,NA,NA,55.22159,64.21013,56.79025,61.69137,61.82691,57.61261,64.846,64.38893,61.71634,55.86925,NA,73.86468,65.07524,67.53283,70.52467,58.57526,66.31171,62.6786897029703
"1974",NA,65.806,56.44958,46.70059,61.16804,51.07844,66.41645,51.36367,54.23249,59.41192,NA,57.99338,68.78055,NA,NA,61.80594,59.08765,61.97836,62.36841,58.73019,54.67366,62.66228,NA,53.85161,60.47988,50.04696,64.23387,64.48598,52.80788,58.89862,65.18455,62.8489,64.708,65.59413,67.24808,67.50064,65.86125,61.55218,75.43155,47.65701,61.29983,76.18623,NA,58.92508,67.27691,59.8945,64.54826,62.58612,72.86023,74.56269,54.86843,NA,58.51061,69.06568,72.73524,72.07519,59.19757,NA,55.10915,59.6252,63.44879,67.33682,60.41201,61.44677,68.43916,67.58408,51.80781,69.40856,66.11168,57.26704,65.11272,59.63399,63.21977,65.93072,53.05244,62.07146,68.10351,52.08559,NA,60.96203,54.08962,65.78496,66.85074,69.27929,75.55825,78.12482,64.67999,63.68903,59.86316,66.75962,65.38205,61.97672,67.92819,63.68923,68.61024,66.76177,NA,NA,NA,57.11702,65.31234,60.01957,61.11855,62.11848,56.01586,63.83362,65.30497,63.5005,53.74783,NA,78.71827,64.49733,68.57399,70.91588,59.08765,66.76177,62.7889351485149
"1975",NA,68.10071,56.35984,48.40043,59.90742,50.17091,65.39887,52.79607,54.67106,60.19475,NA,55.27104,69.44139,NA,NA,61.17952,62.48836,64.62024,62.73666,57.62862,54.18573,64.15971,NA,55.61095,62.85408,50.43466,65.80674,65.23649,51.801,61.62608,65.67076,60.74914,67.05567,66.54718,69.10461,67.46147,61.09256,63.72356,75.20657,49.63883,61.21475,78.29293,NA,61.01398,66.32978,61.93247,62.54451,61.39973,71.2142,74.59491,53.42182,NA,59.73042,67.23202,70.92445,71.07058,55.38089,NA,53.82718,58.73746,64.44979,67.09955,60.3154,61.93197,68.62116,66.38661,50.00773,71.70237,68.28076,58.45737,71.8894,60.7881,63.57444,64.66536,55.8401,59.14441,64.38377,52.4304,NA,62.39053,52.94445,67.42736,65.11686,67.89841,76.15666,78.46201,66.0332,66.0646,58.36298,67.51445,65.23431,60.07125,66.80341,66.21317,67.7623,64.57827,NA,NA,NA,56.69534,66.54095,61.49238,61.14938,61.45197,55.15071,60.9603,66.32156,65.77482,52.55485,NA,77.14665,67.33029,69.31937,70.33848,59.14441,67.09955,62.9447893069307
"1976",NA,67.19251,54.92064,52.27201,63.87927,55.54018,66.93818,53.00546,57.5534,60.55341,NA,58.87862,67.82299,NA,NA,61.85111,63.71444,64.20885,64.34894,58.85451,55.24715,65.51147,NA,54.17848,63.35775,49.23795,62.31235,67.85558,53.17619,64.18448,64.66142,63.63104,65.82716,67.155,71.74318,73.4749,64.86431,60.42714,75.10485,48.19923,60.38238,81.26841,NA,58.25291,63.97427,64.00907,63.5534,61.08947,76.53546,75.45376,55.61106,NA,59.26367,66.56155,71.95378,74.13287,54.47943,NA,51.76362,56.9062,67.15502,67.50209,57.3507,60.31242,67.97331,68.64559,52.19145,69.12167,67.3476,60.44336,72.58434,63.27293,63.14819,67.03257,55.10782,58.73358,66.47921,49.06514,NA,66.15182,56.06706,66.83487,64.96915,68.83411,76.58637,77.74293,64.18334,65.07328,61.71362,64.93498,59.44938,62.28168,66.60208,66.81598,66.6202,65.68664,NA,NA,NA,55.70768,66.73951,59.39683,64.76725,63.72529,55.6017,61.43905,64.82536,62.5153,55.67366,NA,77.39373,64.53287,67.80692,72.02263,58.87862,67.03257,63.3964130693069
"1977",NA,66.56367,55.32996,51.72078,61.64283,56.62039,67.08343,54.85642,59.90703,62.83662,NA,55.68061,68.77038,NA,NA,62.40335,64.45605,60.35108,63.50122,59.20342,52.55379,62.15204,NA,52.82866,61.63612,47.70304,63.92129,67.90091,53.4927,62.8915,63.50573,60.39561,65.8525,68.43641,69.87117,75.36071,65.39881,59.85161,72.14993,48.40624,63.3569,79.37471,NA,59.28433,63.28499,61.20633,62.57381,61.54025,75.65225,73.68041,51.67667,NA,61.52624,67.85553,71.53002,72.78981,57.85981,NA,53.16449,60.98831,68.62386,67.33089,57.85035,62.25999,67.81468,68.23064,50.61073,74.6382,64.61216,60.35709,71.96954,57.60292,59.58713,65.8865,54.64124,60.55784,62.2854,52.3105,NA,64.44317,58.22714,66.66061,67.55819,69.42452,77.85063,78.51959,65.20209,68.85336,60.54629,65.55213,59.84845,62.1612,66.93466,67.07822,69.41217,65.78019,NA,NA,NA,58.2395,64.90452,58.68517,61.92696,65.65464,53.89981,65.4464,63.08388,60.12836,54.27952,NA,76.80877,68.06734,69.17988,69.86035,59.58713,67.81468,63.3066162376238
"1978",NA,69.08496,55.65894,52.3106,65.15442,55.1384,67.81037,50.69625,57.23985,67.88483,NA,59.2483,69.39114,NA,NA,61.61378,66.17863,61.12069,64.29256,58.59461,57.76995,62.88827,NA,56.73575,60.10809,48.34169,63.68877,65.52134,56.41862,62.01901,66.03182,62.96411,66.87349,69.24533,69.98159,73.51072,65.47817,64.67975,75.41605,63.21892,62.71322,79.34804,NA,59.94211,66.19185,62.15703,63.58671,63.40173,75.5434,72.1503,55.9392,NA,60.09101,66.58961,69.9031,74.78081,57.92772,NA,57.83292,59.43671,65.23658,67.2303,59.63738,58.3514,68.64931,71.00425,50.98403,75.57945,66.67475,56.89945,70.28079,61.77062,62.38527,67.89275,55.16917,61.57372,66.73333,52.94162,NA,64.68586,56.93732,67.33417,64.7457,69.82107,77.29192,78.49551,65.10276,63.45292,60.42284,64.97423,62.95052,62.29462,67.6977,66.06996,65.45472,65.34471,NA,NA,NA,61.39391,64.9585,56.54803,64.10147,63.63974,57.70286,65.17593,67.28818,61.68875,57.92492,NA,78.44487,66.09528,69.1911,72.31706,59.94211,67.33417,64.0434310891089
"1979",NA,67.34602,59.24922,54.21075,63.44922,54.23511,67.0114,52.98766,56.7806,63.77722,NA,57.42502,69.16814,NA,NA,58.45032,66.95662,61.82722,64.71191,60.68627,55.11467,65.00138,NA,51.5124,61.71798,50.46762,64.13859,66.75646,57.66265,60.82874,67.34427,61.76216,67.75751,67.93147,71.64863,69.0798,68.66409,55.56485,75.12836,58.10241,64.70964,77.17707,NA,57.7024,67.45305,61.99852,64.57865,61.88422,77.35288,74.52541,53.27133,NA,61.34864,70.11735,71.35229,76.01388,58.53201,NA,53.9825,56.95766,64.35784,68.6343,56.96558,56.03548,68.35534,68.77714,52.59042,74.6681,68.92439,61.43842,70.98016,61.23538,59.14348,68.28308,59.17015,60.70159,67.3105,51.48588,NA,62.86281,55.51926,68.14291,65.64981,68.28382,79.25995,78.86918,65.24067,70.66191,59.15005,64.73528,63.54069,61.35675,66.58984,68.29403,68.67893,66.57668,NA,NA,NA,59.95702,65.39934,57.59552,64.61508,62.87448,54.54925,64.39635,67.21036,64.25949,58.23955,NA,78.10341,67.35175,68.75289,68.75131,59.14348,68.28382,63.9399984158416
"1980",NA,69.26284,58.62856,50.99323,63.47855,51.25187,67.88771,51.54827,56.00589,61.13873,NA,56.65207,68.84786,NA,NA,58.87536,64.83183,63.21656,64.23956,63.71752,53.64432,63.2684,NA,52.44029,61.95365,48.08189,66.87285,67.17211,54.85579,62.2014,66.55521,63.99045,64.79532,67.7417,69.67475,69.01138,64.84176,58.15239,76.02579,50.21805,62.45242,78.03363,NA,58.91725,68.356,64.19486,65.88978,63.14124,76.26802,73.35202,55.85269,NA,61.05805,68.35791,80.37996,75.73724,57.07465,NA,53.28056,59.11529,64.97742,66.87806,59.44775,59.61951,68.08206,71.27683,54.25109,74.42588,69.49442,64.22869,70.17481,61.49608,60.80355,67.79088,53.32841,61.42702,67.75606,52.98381,NA,62.58541,58.53045,66.06101,66.28513,68.53705,77.8681,79.72464,64.58443,67.05854,61.48941,63.96402,63.37307,62.83995,65.4387,67.99338,66.15171,66.50923,NA,NA,NA,59.50676,65.2782,58.72773,63.09308,64.77491,56.31231,64.52527,67.81253,62.12142,56.4206,NA,78.07903,66.78989,69.62822,69.90933,59.44775,67.81253,63.9005081188119
"1981",NA,68.74599,59.69482,49.3763,62.08529,51.64814,68.6298,53.79446,55.56347,62.78218,NA,58.81973,68.75655,NA,NA,60.45984,63.58126,62.63957,64.85428,62.9437,55.65352,63.55629,NA,54.25983,59.88431,52.23455,64.5691,68.90181,54.5898,63.80674,65.43608,61.43719,64.23079,69.68757,70.39864,73.95692,68.30418,57.57287,74.68662,51.49038,62.32606,79.60121,NA,56.53288,67.22586,61.65043,67.47169,59.65742,78.03449,77.07271,56.65597,NA,63.925,68.64368,80.9538,77.41176,59.41061,NA,55.35242,57.23558,63.98258,65.42967,60.29867,60.28108,68.02493,69.29018,52.0163,77.42732,70.37293,65.21168,69.66485,61.06984,61.27204,68.81825,54.65577,60.5191,65.54957,52.61643,NA,60.51229,58.12839,68.7757,68.63718,68.31708,79.94531,79.18658,64.55198,62.77957,64.22945,65.02861,63.80686,62.75974,64.50242,67.00185,69.04603,66.79026,NA,NA,NA,58.01484,66.02712,59.44795,64.72373,62.58461,55.54244,64.42574,68.26646,58.31152,58.66063,NA,79.73786,67.94308,68.96071,72.80744,59.65742,68.63718,64.1994926732673
"1982",NA,66.16602,53.4671,48.9901,62.70638,54.78006,66.71257,53.05234,57.27502,63.1099,NA,59.14655,69.38192,NA,NA,56.643,64.01289,62.6891,64.5379,63.36106,56.26013,63.63221,NA,55.65243,60.39308,50.31567,64.24129,67.53181,52.56584,61.04486,66.64941,63.46456,64.32852,69.17951,70.56384,72.92892,65.49037,57.51622,76.84986,54.47716,62.66278,80.51468,NA,60.60343,66.41912,62.07012,68.38164,62.08474,78.05502,74.50714,56.35338,NA,59.99262,71.00106,83.13887,76.79953,59.44697,NA,55.30122,59.50593,64.72215,67.87599,56.95753,64.4143,67.13923,67.46091,55.67105,76.92639,69.95789,61.64508,74.0721,59.52961,62.31307,69.74473,54.48189,60.77111,64.56341,53.07834,NA,60.89421,60.60923,68.4298,67.1491,71.39978,80.26797,78.92713,64.49272,67.65953,66.19841,67.24838,64.41009,64.44799,66.45827,67.01192,69.69482,68.65952,NA,NA,NA,62.40657,67.45125,58.98937,64.01016,65.09692,56.02812,62.06124,62.17014,59.9922,58.48543,NA,73.68742,69.68299,69.3187,71.51398,59.9922,68.38164,64.3775642574257
"1983",NA,70.49862,56.43111,53.51717,62.2347,55.03423,69.90834,56.84987,59.1866,62.321,NA,58.38047,68.83898,NA,NA,61.18661,63.40482,61.72755,64.22162,63.61169,57.38592,63.0697,NA,53.36568,61.01414,50.2002,67.16325,70.24746,52.95329,62.15523,66.07182,62.83018,69.80572,69.82922,72.22631,72.79029,67.73555,56.14677,76.85761,52.5051,65.80855,83.08675,NA,58.17638,69.37994,63.41885,66.66257,63.68885,75.18408,74.53887,59.07361,NA,60.87166,71.05369,83.00193,77.31816,61.92311,NA,57.78057,61.14941,64.10948,68.06675,58.73098,62.7289,67.34421,65.99567,55.09262,77.19543,67.77441,60.99214,71.79548,60.73822,63.83396,66.8483,55.53148,58.71275,68.96698,52.9024,NA,61.02321,56.65443,69.81214,66.14697,70.50706,80.78787,83.39686,65.29057,65.88228,65.97576,68.59221,62.1787,63.14729,64.17074,70.08376,70.71769,66.04476,NA,NA,NA,59.22449,66.86687,59.65214,66.01652,65.35547,55.75548,64.7836,64.99467,65.56059,57.62956,NA,74.48672,67.08007,70.37964,71.27224,60.73822,69.37994,64.8579635643564
"1984",NA,70.09191,57.08225,50.12259,65.2089,54.27063,68.70602,56.70789,59.49771,61.02138,NA,62.03582,69.99649,NA,NA,60.8458,65.98053,64.9227,66.2858,58.47596,58.60948,66.25238,NA,54.69427,60.6471,49.20965,65.16566,69.51245,53.30867,63.46544,66.71729,62.78537,68.50579,68.63651,71.44571,74.68727,66.43343,59.02227,74.44661,50.0916,64.92802,81.78467,NA,59.81145,69.58419,63.12421,69.86259,63.94807,75.88513,75.51796,57.14157,NA,58.7834,70.88178,79.49446,79.67914,62.35321,NA,56.65928,62.6315,64.06241,68.54191,57.26625,59.45355,68.27306,69.20376,55.98208,75.98723,70.15904,61.98665,70.64749,60.85652,63.08169,68.76707,54.82468,60.45767,66.65221,50.28736,NA,63.33212,60.77919,71.43352,67.33034,68.63858,80.49219,82.20452,65.70738,72.05894,64.15026,65.62229,62.25696,62.02238,66.78937,68.93391,68.02641,67.08508,NA,NA,NA,63.7331,65.7895,60.15334,65.14715,63.27607,57.55874,66.07527,65.81051,66.23363,58.96918,NA,77.0237,67.88022,72.46492,70.79758,60.6471,68.93391,65.0616528712871
"1985",NA,68.83838,56.73257,52.06395,64.10468,49.26206,68.82841,55.03545,58.82972,63.54163,NA,62.24415,70.17134,NA,NA,60.58286,66.05458,67.89246,66.25757,64.09606,58.36345,64.30982,NA,57.65375,62.3289,52.62216,66.56287,71.29773,53.99809,62.64521,67.19434,62.4571,69.09614,70.30804,74.50685,73.52058,66.57249,60.06943,77.84197,53.32997,65.76626,75.40735,NA,62.21739,69.50221,64.19148,66.91383,64.22615,75.06856,76.40943,55.36251,NA,60.72098,72.19227,82.85012,76.48685,62.42209,NA,55.32862,61.02128,63.10611,68.39195,57.72685,61.11812,70.12561,67.43252,56.61361,82.09953,71.54983,61.72991,72.07032,65.3144,63.06893,67.31512,54.77348,62.33576,67.60157,54.20064,NA,65.49252,61.01745,70.76776,66.80988,70.11706,81.69913,79.09233,64.40816,67.23559,63.73447,65.62049,64.46283,63.3004,69.63036,68.48007,68.66748,66.76473,NA,NA,NA,61.77241,67.98337,60.55817,61.54747,66.1992,56.69704,65.25111,65.19435,65.02258,57.31741,NA,75.44241,70.02365,70.81728,71.08481,61.54747,69.50221,65.3870135643564
"1986",NA,67.22344,56.43367,51.91322,63.13237,52.72669,68.46055,53.47904,56.12996,61.1425,NA,60.48507,67.84692,NA,NA,61.26275,65.78563,68.91088,67.30245,61.26463,57.5028,63.27961,NA,56.68545,61.72359,51.33989,68.44026,69.40488,56.12304,60.71094,65.73776,64.07196,68.08742,70.33489,79.05149,75.42548,67.14742,60.41786,77.85461,52.02831,66.59245,75.81127,NA,63.59919,70.51291,62.40367,67.70996,64.13389,74.77467,77.56273,55.8056,NA,57.55318,71.01941,82.22417,77.1674,61.91485,NA,56.21795,63.23681,63.62055,67.6332,59.06682,58.05944,69.39287,68.88821,54.43668,81.47827,70.69676,63.74457,70.60059,63.4099,65.95313,67.34121,57.19025,60.09955,67.4225,53.42366,NA,61.6176,60.74371,72.94926,64.48119,70.81306,83.27341,82.88005,66.17351,64.27432,63.31398,67.89043,62.79859,64.47389,68.65113,67.74391,68.34401,68.84952,NA,NA,NA,62.12338,67.81552,63.52256,63.56156,63.60969,56.6972,66.31378,64.7622,60.2752,57.33215,NA,77.03082,70.33,73.67956,69.92237,60.74371,68.88821,65.3050817821782
"1987",NA,70.6617,57.36834,53.78136,61.771,53.26134,70.14799,56.22606,55.90011,61.80849,NA,56.4394,70.54329,NA,NA,59.91512,65.55048,62.39147,67.92504,62.11653,59.12615,65.02763,NA,56.94136,64.87185,51.05611,68.06979,69.91155,55.90661,60.8073,67.41841,61.61445,68.62381,69.6319,77.77404,75.22182,66.40081,59.01897,79.17061,49.21379,64.43263,76.04619,NA,58.32641,69.60393,62.99569,66.3745,67.16393,76.6518,76.04213,57.62471,NA,58.4442,72.08082,79.37692,78.05364,61.29234,NA,56.37339,59.76449,66.51667,71.07477,58.67338,59.55319,70.30604,68.2557,53.93211,82.4644,72.65159,60.22447,72.61632,64.49875,65.68253,69.56568,54.9214,61.67379,65.08369,53.37114,NA,62.95093,61.19053,72.6697,64.98645,71.08375,82.9184,82.97648,65.34462,68.66725,63.94017,69.37489,59.62306,64.16226,66.59202,70.80382,69.35127,68.48173,NA,NA,NA,63.41729,67.80666,62.63182,66.3894,66.82787,56.9258,68.00189,64.72817,62.6982,57.74292,NA,76.61744,68.44097,71.41063,72.06888,59.91512,69.91155,65.4866662376238
"1988",NA,70.1514,56.05823,58.21238,62.86797,53.96054,68.80564,56.49672,55.53754,63.3007,NA,57.43994,71.12917,NA,NA,61.66142,65.75445,65.70146,67.5205,62.36825,56.28184,66.64618,NA,58.68073,63.02269,52.60343,72.67114,69.9889,57.40213,62.05588,67.81775,59.35197,68.01165,71.00551,77.85872,75.93896,65.36357,62.57378,76.8106,50.48005,65.20651,75.5838,NA,57.38413,70.51987,66.72692,68.76058,65.05325,76.13212,75.52255,57.13972,NA,57.99837,70.95674,82.67197,81.42086,58.71377,NA,58.07941,63.22957,63.45221,70.02405,60.10638,61.11582,70.77696,67.53998,53.75557,83.12024,73.79482,65.94261,72.16676,63.69725,67.89368,69.74159,60.59827,61.03247,65.78637,51.98093,NA,63.49427,62.10226,73.06967,66.10952,71.67244,87.45754,82.1168,66.6329,69.95556,62.73582,66.69727,62.02815,64.93976,69.11966,70.74091,70.58659,67.75982,NA,NA,NA,63.47514,67.00468,59.55254,63.93385,66.81999,58.02259,66.16969,65.79275,60.76596,59.41241,NA,75.10562,69.14064,73.73196,71.34192,61.03247,70.51987,65.9667977227723
"1989",NA,71.71249,55.19194,61.13213,65.6689,54.95869,68.9048,57.44595,58.47762,63.03742,NA,58.99809,72.31449,NA,NA,61.64774,63.65171,64.63931,67.03003,63.84928,58.59482,68.19344,NA,58.47512,70.02567,54.16421,68.0433,70.91586,55.73542,60.96538,66.83807,62.45796,68.64304,70.2141,78.59781,76.14228,65.76836,65.966,79.07453,52.07808,67.77778,75.75836,NA,57.93915,70.98101,65.22567,68.58526,67.75313,76.63059,76.53845,56.31499,NA,59.8872,71.10096,79.44408,81.31226,58.06751,NA,54.32432,63.27229,63.66676,69.7792,59.07355,56.78505,71.20133,68.7105,57.11384,82.99117,73.62316,63.57337,73.45936,67.10897,65.24035,69.42851,59.11151,65.77976,66.27006,55.2432,NA,65.54767,58.33462,73.5284,68.54279,71.88698,86.00089,80.96573,67.07752,69.69304,66.68217,69.76523,65.10296,64.80911,72.17,68.7491,71.76044,67.01859,NA,NA,NA,60.52308,65.02342,61.44382,65.311,65.45835,58.17038,69.81941,65.65238,62.53325,58.16838,NA,77.74808,69.23687,74.67864,69.11745,61.13213,70.2141,66.4271925742574
"1990",NA,73.53331,55.07996,60.32226,66.17156,52.24984,70.3139,56.8031,57.12524,63.49132,NA,56.25324,71.24306,NA,NA,63.53902,66.07319,65.61498,68.97459,65.08143,57.30207,63.91251,NA,55.34231,68.39254,49.9251,70.89894,71.24931,56.03071,62.12173,66.89612,62.00148,69.51458,70.42135,80.84297,75.62312,67.17475,63.30982,70.07161,53.0103,67.13098,70.48447,NA,61.69497,69.49253,67.12886,70.9638,65.84033,72.88263,72.1594,58.78069,NA,60.5757,71.92594,70.10857,82.0372,58.53484,NA,55.20333,64.49448,68.69157,69.96115,61.589,61.33192,70.72687,69.43513,55.216,82.11687,74.53148,62.88259,75.32553,68.35254,65.32264,72.7179,56.11126,66.26568,66.43027,53.79866,NA,65.51645,62.16958,73.94225,71.09127,72.02407,87.71722,83.88171,67.73367,70.43011,65.40674,69.86977,66.9346,64.12615,71.7728,70.57286,70.24185,67.51022,NA,NA,NA,61.41188,66.25468,61.23832,64.41029,66.1844,59.17636,70.52333,66.60178,63.09449,58.86022,NA,75.86466,70.82894,73.93104,71.86955,62.00148,70.72687,66.5083996039604
"1991",NA,73.42455,56.00575,61.13425,63.45948,53.68413,68.10921,55.23973,58.89564,62.68879,NA,58.81795,72.02897,73.39165,71.9141,66.81053,66.69531,66.07411,67.15804,63.49594,60.19853,66.03257,66.17104,56.49281,66.8238,51.2147,71.1141,70.88514,56.58811,61.76903,67.72374,62.93679,69.67165,69.40839,80.21741,76.71603,67.22254,66.77397,67.44089,51.52262,67.90076,72.80038,70.77196,60.4137,67.85358,67.39089,69.55295,61.89846,73.81572,72.65124,56.40166,70.89831,60.32651,68.29178,65.99078,80.39331,59.39413,72.66032,56.33538,61.2382,66.49103,70.51699,60.34316,63.45911,71.8403,69.22185,56.82751,83.93763,73.45284,62.67383,69.72454,66.27903,65.34242,73.11867,53.30859,63.13402,65.50076,54.43017,68.21428,67.76964,60.89677,72.35474,68.34936,71.92425,83.41586,87.31556,67.90037,69.92336,65.6584,71.4633,64.93951,64.75469,70.17934,70.15261,75.16612,67.30833,75.22369,70.19837,70.15393,61.73461,68.90983,60.76695,65.0008,64.96664,59.40511,68.56538,68.31661,64.0116,56.13258,74.10607,68.72457,68.4803,73.7492,70.23335,62.4799875,70.5807325,66.6866119642857
"1992",74.63264,74.7579,58.02652,58.05575,63.31476,54.47032,68.62914,54.527,59.04391,63.46381,NA,60.10241,70.88789,71.62626,68.18731,67.0154,66.03004,63.71237,68.85616,60.18302,60.11896,66.01568,70.7791,57.13754,65.93362,54.11227,66.53119,73.07518,60.98578,65.35658,68.57291,63.68738,69.89417,70.39974,78.38289,78.13448,63.28204,64.50735,68.90558,51.53177,62.9008,74.46552,72.48145,59.03194,71.5886,67.5937,67.59246,65.45498,73.77292,75.86198,57.80721,67.12254,60.61478,71.62822,69.60563,81.51423,63.37447,73.19165,55.56883,57.688,65.47871,69.45366,60.29825,60.2966,72.26438,70.65506,58.4533,84.14939,74.27526,61.6045,70.95876,66.82508,66.02668,72.40203,53.69356,64.0394,67.31677,52.07743,67.83537,66.63125,59.85589,74.69871,65.57974,70.79535,84.76554,87.08071,66.71997,69.39633,66.68146,71.22449,64.07594,65.04223,68.63555,70.73517,73.60508,70.29604,74.84274,68.30469,68.07002,63.22843,66.74646,61.99469,64.56811,63.72948,57.07601,71.54357,68.39407,62.92987,57.00956,72.44775,68.84731,69.84279,75.62459,70.53512,62.92987,70.88789,66.8264215044248
"1993",74.5571,75.07124,57.58615,58.07798,63.89022,55.5042,70.51192,57.58394,56.90466,62.2985,75.49663,60.49921,72.90985,72.35922,70.04357,68.74047,67.28007,65.07381,68.93704,63.28959,60.86296,65.3807,70.48713,58.09092,66.25194,51.59505,66.79843,72.1355,61.49272,62.91452,69.04422,61.29892,68.47013,71.44698,70.33159,72.77993,62.78642,63.31155,67.60461,54.09602,66.90098,74.60361,72.4172,58.18878,69.24566,65.29902,68.60732,65.46568,73.35046,74.65377,61.4118,70.08014,60.52249,71.32572,69.53926,83.72568,63.44631,76.01728,57.62711,63.24062,66.40858,68.5924,61.24135,63.0438,68.07148,69.89007,56.57979,86.99114,75.81992,61.58854,69.95314,65.33934,67.10425,74.34798,57.55394,62.04377,67.39955,55.14495,68.06155,65.53461,60.31826,75.50457,69.46279,73.09391,85.02061,86.19706,67.59793,69.20136,64.68283,69.20927,63.33548,63.90731,70.20205,71.37332,72.2212,69.73362,72.90036,70.71406,69.18314,60.88914,66.97311,61.74721,64.57613,67.25027,58.41095,71.54909,68.65306,64.58243,54.45655,75.60179,66.81788,72.08934,75.29704,72.50526,62.818445,71.36142,67.1529213157895
"1994",74.42324,77.83884,57.87486,61.29649,60.61116,55.18671,69.75595,59.67422,58.17504,66.13484,71.01284,60.45651,73.47458,71.33056,70.57441,66.59449,67.23463,66.47744,66.87877,62.78773,58.61758,65.35792,71.00128,59.14186,67.86137,51.68888,67.66623,73.99857,60.11815,60.82102,68.73675,65.14268,67.75791,70.38371,72.31263,68.01139,64.75224,66.19579,67.37952,55.81078,65.96059,73.84836,70.65203,59.59094,68.60308,66.53645,68.33529,65.44529,74.81169,75.47556,62.35806,70.85047,60.32728,72.44947,69.08404,82.26443,61.84444,75.82809,57.13142,65.014,67.36189,71.92125,60.27582,64.9948,71.08753,70.82182,57.01658,86.64129,74.03544,67.24278,70.65411,63.75499,65.25233,73.98626,59.46037,62.9123,67.592,53.93525,65.69578,63.0191,61.47568,75.55116,65.79872,73.69168,88.32212,87.63685,68.14565,75.48817,63.25907,70.69449,64.58521,64.16403,65.35224,71.47556,74.07658,70.37772,73.58137,71.92415,67.62018,59.69089,76.19486,64.03857,67.25736,68.89908,60.92347,72.87426,71.51993,65.67326,57.85609,75.74548,68.20743,71.86954,79.4262,73.85018,63.0790925,71.7821375,67.6479778070175
"1995",73.2145,77.1838,57.61291,61.62927,66.23617,50.0555,69.20738,56.6642,57.27584,67.5961,73.43057,59.07698,71.89202,73.97026,70.01157,69.9993,68.46952,67.36948,70.56278,64.19113,59.09894,65.13883,73.15165,56.76749,65.8381,51.87814,68.14993,69.85156,58.76728,60.08691,69.26243,61.91097,69.42499,71.57318,73.0203,71.57625,66.50355,67.79562,70.44578,53.21639,66.61467,71.66785,72.62583,59.8456,71.18175,66.52108,68.36002,65.54123,74.16058,73.66919,60.07485,68.40731,58.43259,72.64928,70.76938,81.08221,62.43383,73.5001,58.35768,63.60905,65.64191,71.47394,63.73709,65.46983,72.19802,68.50634,57.52641,87.24696,75.49005,67.96054,70.34771,66.79542,66.99621,77.36331,60.28021,64.60484,68.70968,55.18068,70.30333,64.19808,61.48613,76.87562,69.22195,74.21539,90.235,84.67626,67.93038,77.59848,64.62268,71.7733,67.03195,64.76786,70.17484,73.14098,74.66833,72.66975,75.37776,69.16988,68.38357,64.52651,78.06492,65.63437,64.87203,67.60424,59.93919,72.19673,74.95071,64.70772,53.85081,75.60392,66.12945,72.06194,79.9199,74.20573,64.5460925,72.5188775,68.0432499122807
"1996",72.28412,78.69902,59.41313,61.49845,66.51289,54.18165,71.2416,57.75839,57.98021,68.24621,73.39585,59.07444,72.17793,77.32709,73.05053,70.44528,67.48695,69.58699,70.56353,62.92101,60.25504,65.34606,72.18001,58.953,63.0188,52.63741,70.4748,70.6735,58.02132,61.87841,69.72079,66.34448,69.76491,72.60592,74.29265,72.26777,64.52065,67.32175,73.4786,48.85297,65.98692,71.45745,68.84151,59.98984,71.09974,67.87645,68.63439,67.27041,74.08653,72.73435,56.64018,66.3435,58.31367,72.27825,70.71433,82.10718,60.71771,73.80519,56.22228,60.51753,67.20044,70.4815,65.75204,69.66943,70.42109,69.888,54.2396,86.87252,75.40285,70.08494,69.97669,66.42317,65.08191,74.04729,56.02206,61.03171,66.65502,56.63285,70.68603,66.24825,61.78844,79.86587,66.98679,74.50249,89.12159,83.61974,67.74485,75.28493,63.58637,70.51343,63.07811,66.37527,68.40563,73.28139,75.9993,72.79117,72.3735,73.19868,69.80274,59.79549,78.82984,63.83237,63.89504,70.05837,59.12094,74.88144,73.89703,65.88093,57.08779,72.9793,68.22781,74.04292,81.09427,72.13236,63.205175,72.547815,68.0612728070175
"1997",71.8914,79.43446,58.79663,57.57347,64.84185,57.42603,69.79873,55.76887,57.7502,65.40371,73.45047,56.04241,74.94404,75.82857,70.45877,69.24511,68.15646,71.31215,69.74366,57.90661,58.88284,65.6223,70.6214,60.30965,64.4111,53.7205,75.73472,69.47259,57.17543,63.65249,69.93501,64.57388,69.81667,72.4062,74.0763,69.85657,66.80052,69.19773,71.48059,48.86616,67.12419,73.02892,71.06032,54.75392,70.69676,67.62065,70.70299,66.00493,72.1354,72.38374,59.18734,62.58165,56.62301,72.52419,70.27529,81.98155,60.72607,74.30778,56.11306,63.41279,69.35282,68.09368,63.46013,67.84593,70.40318,68.98514,54.20217,86.46831,76.8426,70.20071,74.48574,64.96224,64.16709,75.27943,56.32804,63.34717,67.3027,58.14911,71.15736,67.57183,62.07213,79.41936,68.0576,73.86731,89.24518,84.1362,68.10795,71.55956,63.8884,71.62535,64.43141,65.02499,69.45586,71.80233,76.05263,71.86822,70.66515,72.79972,67.56041,59.25596,78.72155,65.03541,66.37331,69.33899,61.44027,73.17303,76.43323,64.62561,56.58993,75.50028,66.44489,73.77668,80.97033,71.2901,63.7114675,72.0744,67.9372413157895
"1998",73.86108,81.03503,57.95549,61.86701,66.29215,52.50537,70.64058,58.42701,55.94796,66.62416,72.90676,56.40669,75.237,77.7914,72.69007,69.35797,68.62055,66.84334,68.23812,56.35357,59.60855,66.75285,71.99131,61.57276,66.63765,54.21085,73.16966,70.55976,57.3368,63.66219,69.29388,63.92838,70.36316,74.15221,77.77839,72.81589,68.64648,64.43579,71.32675,52.57098,66.11907,71.92232,69.26741,58.20468,69.7706,68.33181,71.54369,65.92499,75.34185,73.06946,57.71458,67.08651,58.26656,72.18389,70.40682,85.31038,61.84073,76.37266,58.93141,61.14843,69.63343,69.52836,61.07876,65.1819,71.60982,70.77054,55.50203,85.40313,76.53527,71.23956,72.52798,67.72264,67.40313,77.1687,55.9585,65.03035,67.75269,60.66927,70.04851,73.71569,63.27423,79.09387,69.37289,74.48528,90.09296,84.60292,71.43197,73.78764,61.86906,72.98632,64.57335,66.32419,69.04478,71.5353,77.47644,71.60448,71.11794,73.64667,69.62204,60.18121,78.72208,64.11643,66.29715,70.46404,60.69238,74.23378,80.05666,63.54257,56.1387,75.42173,63.36573,76.45704,82.22697,72.68282,63.572475,72.96643,68.5455730701754
"1999",71.74833,79.65506,59.61373,60.17981,66.46238,55.77971,73.66283,58.93025,57.97311,69.18509,73.97101,57.97446,75.99562,76.38329,73.70267,67.34425,68.45196,72.48169,70.88661,62.05747,62.48517,66.09623,71.72106,59.74948,66.30043,51.97159,71.80256,70.82264,59.05633,61.83026,70.0158,65.67495,71.33214,73.28761,77.71271,68.02567,69.65698,68.59419,70.72138,53.52633,65.04519,71.53527,68.68987,60.77536,68.36882,68.8247,71.56368,68.17522,74.26766,72.05336,57.95427,67.59069,61.07936,75.68339,71.35819,86.19873,62.08719,75.9135,56.4056,60.03328,70.19277,69.90914,63.69313,61.6629,75.09207,69.68352,57.51601,85.6696,75.91473,72.3205,72.03815,66.62593,64.59944,78.741,59.72888,62.15804,68.22631,58.94364,70.1833,72.00308,64.19135,78.59445,72.07685,74.97943,90.92667,85.59519,70.99177,78.59635,64.75452,72.95968,65.13538,63.28929,69.50803,73.3182,76.44029,71.94953,73.27361,73.07796,70.67088,61.48556,79.12898,61.64955,65.78143,70.2311,64.91375,74.72726,77.97885,66.59903,57.93207,76.33286,63.03676,76.6853,82.83651,72.20301,63.39025,73.28411,68.9752610526316
"2000",73.16251,80.58768,59.00616,64.54128,67.84842,53.68692,73.79046,60.46809,58.44411,73.10036,73.64853,58.75591,75.64237,74.99428,74.84864,71.35971,68.25239,70.73889,69.25881,61.67019,63.73587,67.90389,73.00742,56.96444,67.22012,53.94067,67.85928,70.53445,57.55501,64.16601,70.42461,62.71746,71.43682,73.63257,74.15114,70.19067,70.43742,69.7027,74.2372,51.18,67.25403,71.74,70.87064,63.99617,70.06313,69.74622,66.67872,68.35343,73.96784,73.28194,59.08016,70.48395,59.93727,72.65705,73.06712,85.46278,64.89748,76.02624,58.37523,62.33653,69.72047,69.87971,66.27287,63.02411,77.15064,73.39632,59.21731,85.27417,77.3259,69.74396,70.6441,67.3993,67.06226,76.67154,59.72102,64.20127,69.01278,58.44652,71.02821,72.44896,64.48317,79.20911,67.78178,75.00538,89.57758,86.01,71.27943,78.49195,62.72371,72.84904,65.99242,63.24443,77.67402,76.17662,73.72081,71.66739,72.44248,73.95464,73.85895,63.85499,81.221,64.16489,67.16999,69.28069,64.69986,78.09762,76.70073,68.46402,59.3662,77.5623,65.9657,77.97314,83.164,73.50055,64.4976975,73.7730475,69.5442929824561
"2001",NA,81.52268,59.73814,58.33685,68.05868,56.13346,72.58839,58.17194,60.67078,72.05485,73.51019,55.62523,76.34711,74.59476,76.33193,69.54883,67.65477,72.74294,70.88992,63.57194,64.79889,68.92783,72.78966,60.61009,64.03884,58.63761,67.68346,69.82253,56.74859,63.134,69.32985,62.02718,72.23593,72.0663,74.99475,69.58085,72.47797,70.20252,74.51255,52.40915,72.49295,72.61212,69.90647,59.17289,72.9019,68.31623,70.17892,68.88957,77.33859,78.36882,60.86087,71.52435,58.8684,73.9964,73.4519,84.53261,65.85408,77.25042,57.57994,58.10905,69.87048,69.23877,62.02205,67.28808,78.96806,73.3089,55.72646,84.24796,76.81443,70.91779,69.17085,64.32044,65.95965,82.2211,55.63699,63.30368,69.26665,56.95207,69.15746,73.43528,62.50011,81.1792,68.14172,75.96822,90.16086,84.92157,71.97712,77.71985,66.93923,70.89176,65.7029,63.46448,76.18942,75.34441,75.05036,72.12662,74.65419,73.30084,75.86209,60.42295,79.23903,64.73184,69.65008,71.6667,66.18353,78.39181,79.98992,65.34948,59.20249,77.30079,66.8099,79.19502,84.36427,75.09793,64.32044,74.65419,69.6889049557522
"2002",NA,81.29623,61.76393,53.91543,68.11404,56.21492,72.7278,56.46466,55.41527,70.36561,75.39597,56.39674,74.12067,75.25427,74.89528,67.18056,69.46083,71.62176,71.26836,59.93314,59.69592,66.84379,71.30157,57.37386,64.75129,60.13338,67.41531,73.20814,61.92719,61.85182,68.04153,61.80145,72.7258,74.51372,76.45194,72.77365,70.63721,69.98986,74.97685,51.82636,70.93413,72.51462,70.45399,58.66181,74.53616,67.58059,69.26126,68.51321,77.11163,79.74937,60.05996,71.37791,62.85862,74.45617,69.27292,85.34151,67.60387,77.18345,62.18784,60.49052,72.09162,68.5662,64.6887,64.20215,77.89848,73.02785,57.24527,85.58637,77.77439,74.32546,69.36181,66.98928,65.79271,80.94614,59.95226,68.17135,69.56904,57.83839,69.5103,72.7633,60.27535,80.8018,71.24411,75.00117,92.20303,86.24084,80.29048,78.9727,68.57489,73.3475,66.22031,63.22837,75.73396,77.24658,76.41667,73.15827,74.71893,73.79549,73.43493,58.46153,80.94862,60.29775,66.59171,69.7622,62.9191,77.86971,78.60498,68.87637,60.37495,76.85449,67.81942,78.65244,83.57824,72.69443,64.20215,74.89528,69.8381242477876
"2003",NA,82.05596,61.23099,54.69856,67.01385,57.95786,73.74238,58.01445,56.42526,71.75632,75.8935,55.08718,75.85828,75.96315,75.68928,72.60588,68.64155,72.67749,71.22063,64.49582,60.53717,67.95821,72.89816,60.21336,67.06139,62.66456,70.73864,72.15052,61.14203,60.38398,70.21317,61.2254,72.65345,72.80002,80.97717,72.21324,71.30745,71.3406,73.2171,52.01567,72.8452,73.72081,71.09109,58.06092,72.71809,68.01649,68.44802,68.18909,76.89569,79.15587,61.59014,69.002,59.09013,77.13788,69.62835,85.09374,67.08831,77.33031,63.14051,61.01134,71.28186,69.01646,63.28403,62.85792,80.92169,73.53097,57.73213,86.18466,78.04537,73.14222,71.85576,64.19922,65.27754,81.04241,64.88712,66.42829,69.91455,57.16884,72.4022,73.43101,60.53057,80.53664,70.49843,74.72871,92.61687,86.85161,79.45829,78.00163,68.03781,71.55718,63.38919,64.06813,90.18131,76.12661,77.24516,73.27089,73.90817,73.7131,75.17318,57.9994,81.74702,61.00116,67.35904,71.28476,62.97236,77.68134,77.89756,68.51231,60.45485,77.68564,65.3031,78.16832,84.34095,73.04612,64.06813,75.68928,70.2827019469026
"2004",71.73214,78.53065,58.81638,59.35026,65.61757,56.28979,71.08798,58.01445,100,67.1222,73.8101,57.84792,73.71503,78.38786,77.01314,67.38916,67.74148,68.66446,71.60685,63.54454,60.45374,66.73616,72.16085,58.45421,65.24907,54.24792,68.56065,71.35189,58.83034,62.12828,69.07255,0,70.33138,72.18297,75.59877,72.20215,71.47999,67.15682,71.24418,52.18593,67.37696,72.60857,69.38375,59.46542,70.39851,67.60393,69.26487,66.57708,76.32197,78.65406,59.53672,70.15856,63.43737,74.10802,71.8083,83.19368,67.90329,76.95939,58.12875,61.01134,68.51927,69.20753,62.78262,64.25182,73.44116,70.77061,57.08092,85.56313,76.15428,68.0206,69.81685,66.24557,65.7625,76.61363,60.88833,64.06365,67.94286,56.23779,69.80045,68.91979,61.85996,80.8529,68.69007,73.90407,88.79218,85.60176,70.54846,70.25142,67.42293,71.42822,64.93662,64.44977,72.32215,73.22918,74.85834,71.17295,73.52632,72.34815,72.93329,60.84644,80.93,62.63822,65.97516,68.49438,61.22393,74.16935,74.28085,65.58265,57.51389,76.11277,66.44943,74.70102,80.33691,72.67764,64.3013075,73.1552075,68.5346937719298
"2005",71.63009,78.5151,58.86737,59.53969,65.63635,54.68804,71.11367,58.01445,60.60049,67.33034,73.80587,57.84792,73.72244,78.20079,77.66698,70.00515,67.73181,68.66172,71.69059,61.97104,60.44237,67.35443,72.19085,58.45904,65.20203,54.28761,70.28948,71.33962,58.82504,62.15969,69.09193,61.11253,70.33197,72.19189,75.54244,72.19961,72.61594,67.16862,71.27661,52.18656,67.36314,72.59845,69.21794,59.46788,70.54365,67.61829,69.2799,66.57298,76.21042,78.40632,59.52729,63.67822,63.43742,74.50029,71.82536,83.19368,68.43968,81.63416,58.1557,61.01134,68.51982,69.14091,62.76052,64.25828,73.43825,70.77349,56.61381,86.13196,76.09459,68.02838,45.74855,63.54515,65.76406,76.66968,60.88063,64.06216,69.20067,56.24454,69.86996,68.91979,61.8349,77.8133,68.68101,73.91275,88.7809,85.66713,70.57789,74.66992,67.65746,71.44535,64.95359,64.27144,72.32182,73.40359,74.84525,71.14843,73.52037,72.33435,72.93329,63.53352,82.46702,62.63182,65.98015,68.54394,61.22667,74.15935,74.28198,65.57966,57.51532,76.11959,66.50432,74.73863,80.52062,72.53491,63.5364275,73.286015,68.5786465789474
"2006",71.42598,78.56176,61.24304,59.55442,65.6589,0,71.10511,58.01445,60.93716,67.37416,74.61714,58.10746,73.72984,78.46269,77.77595,67.38916,67.73503,68.5851,71.77433,61.97824,60.42817,66.6915,72.73087,58.62456,65.24907,54.37141,100,71.33962,58.81868,62.15969,69.0979,69.44946,70.33138,72.19189,75.35936,72.192,72.79916,67.93706,72.68758,52.18719,67.28712,72.56603,69.01067,60.11837,70.37618,67.61829,69.40007,66.57708,76.15465,78.60451,59.57446,63.57021,63.43747,74.9486,71.89361,83.2054,68.43968,76.66346,60.30195,61.01134,68.52145,68.0417,62.72001,65.6635,73.4368,70.76341,56.61544,85.53907,76.06474,68.03616,69.72383,65.87634,65.7651,76.6921,60.86523,63.86949,68.011,56.32213,69.88565,68.95282,60.97944,77.77792,68.68101,73.90841,88.7809,85.7652,70.58181,70.25134,67.38943,71.4325,64.95698,64.2668,72.32141,73.51986,74.82561,71.14434,73.5287,72.34125,73.0439,61.80604,81.85221,62.63822,66.00007,68.5489,61.22301,74.14934,74.28311,65.57466,57.59777,76.14686,66.27375,74.77624,80.9799,72.53557,63.9688175,73.338575,68.6024916666667
"2007",70.66057,78.56176,58.87664,59.56074,65.68144,54.68804,72.55111,58.01445,61.27382,67.40703,73.84816,57.8698,73.73478,78.35044,77.99389,69.97152,67.72536,68.57689,71.94182,62.03586,60.3472,66.67236,72.55086,58.46306,64.98252,54.38464,70.65621,71.29873,58.80173,62.15759,69.11131,65.7714,70.34145,72.28109,75.44386,72.16577,72.98237,67.20007,71.27301,52.18782,67.22493,72.56401,68.07797,59.54881,70.53249,67.6196,69.4564,66.93689,75.95944,78.65406,59.59804,72.04867,60.19779,75.22879,71.79124,83.18196,73.26713,76.66346,58.20575,61.01134,68.52009,63.31642,60.49038,64.31205,73.43534,70.74758,57.08093,85.49897,76.04981,68.04654,69.53779,65.86158,65.76926,76.74814,60.88063,64.05829,68.03047,56.30526,69.89238,68.95649,60.63788,80.8529,68.7444,73.90841,88.7809,85.86326,70.60535,74.60094,67.89199,71.42394,64.98751,64.27607,72.32111,73.796,74.79943,71.11981,73.67969,72.52754,72.96094,61.81091,83.08183,62.70542,66.01502,70.6533,61.21982,74.11933,74.28367,65.57367,57.6063,76.10595,66.28473,74.77624,81.3014,72.53819,64.112735,73.3932875,68.8733174561404
"2008",70.63505,78.59288,58.73758,59.49549,65.67017,54.61524,72.55111,58.01445,61.61048,67.45085,73.8397,57.87996,73.73478,78.05113,78.17552,69.94269,67.72858,68.56868,72.1093,62.03826,60.2847,66.62769,72.49086,58.46226,64.79437,54.42433,70.18471,71.31508,58.79538,62.1555,69.1128,67.97823,70.33908,72.29893,75.50019,72.16577,73.16559,67.20662,71.17212,52.40551,67.18347,72.5559,68.43033,59.56597,70.62181,67.61916,69.47143,66.58321,75.76423,78.45587,59.60275,81.73246,60.20831,75.3969,71.72299,83.2054,74.1611,76.81142,58.2327,61.01134,68.52036,67.54206,62.67582,64.3185,73.28863,70.73895,56.62439,85.48293,75.94535,68.05432,69.63081,65.83204,66.04674,76.66968,60.86523,64.05203,68.04669,56.28839,69.88341,68.95894,60.60968,77.76022,68.75798,73.92142,88.79218,87.0225,70.60731,70.25125,68.12652,71.4325,64.9943,64.25522,72.32079,73.85413,74.78961,71.11573,73.51918,74.74015,72.9886,62.08369,79.70038,62.72142,67.60005,68.56872,61.21845,74.17936,74.2848,65.58565,58.54501,77.65235,66.36159,74.62579,81.34732,72.53885,64.27104,73.68088,68.9911959649123
"2009",70.45646,78.67066,61.24295,59.60915,65.65514,54.61524,71.2764,58.01445,100,67.47276,73.80587,57.88347,73.76195,79.13615,78.39346,69.76972,67.83822,68.56868,72.23492,62.04067,60.27618,66.63407,72.68587,58.46681,64.77869,54.47284,70.23709,71.32326,58.79008,63.61116,69.30344,68.71385,70.33849,72.31676,70.92796,72.15055,73.12895,67.20531,71.17212,52.18656,66.84173,72.5397,68.28524,59.58314,70.67763,67.61742,69.51274,66.61596,75.73634,78.45587,59.60275,71.83265,60.22407,74.78048,71.70593,83.14681,75.41266,77.18133,60.30202,61.01134,68.51873,67.47544,62.66845,64.3271,73.42807,70.72744,56.62926,85.50699,75.94535,68.08026,69.44477,65.87634,65.78539,76.75935,55.772,64.04964,68.0759,56.26478,69.86547,68.97607,60.58461,77.76022,68.74893,73.91275,88.80346,85.89594,71.25991,74.54059,85.23027,71.44535,64.98921,63.35981,72.32082,73.8832,74.77979,71.0912,73.67971,72.76212,73.37574,62.41005,85.84847,62.71182,66.10219,68.60342,61.21388,74.2794,74.28311,65.58066,57.60914,76.31733,65.80162,74.73863,81.34732,72.53917,64.4399975,73.74139,69.4054281578947
"2010",70.1758,78.70177,58.81175,59.61757,66.70232,54.61524,71.31066,58.01445,62.45214,67.49467,73.75935,57.88347,73.77923,79.7722,77.77595,69.72167,67.835,68.555,91.39322,62.04067,60.26481,66.63407,72.85087,58.46869,64.71597,54.51253,70.44665,71.33962,58.79114,62.14503,69.13368,68.95905,70.33967,72.31676,75.61285,71.71702,93.18985,67.20269,71.19374,52.1875,67.1351,72.06817,68.38887,59.60154,70.72229,67.61655,69.54278,66.62619,75.82,90.68203,59.7018,71.53564,60.17677,75.06067,71.89361,83.12337,76.84302,77.36629,58.2789,61.01134,68.52063,67.40882,62.64635,64.33355,73.42226,70.70873,56.62845,85.55511,76.09459,69.52874,69.25873,65.85173,65.78747,76.78177,60.83442,64.04666,68.10186,56.24116,69.86547,68.97729,60.55327,77.79561,68.76251,73.94746,88.83729,87.0225,70.60731,74.54921,68.59557,71.5481,64.98581,64.25291,72.30735,73.95587,74.77325,71.07076,73.52751,72.82422,73.54166,62.43928,100,62.71822,66.11465,68.63316,61.08211,74.34943,74.28452,65.57966,57.61198,76.52189,65.84554,74.70102,81.39325,72.54114,64.27307,73.77426,69.5920794736842
"2011",70.02272,80.19375,58.80247,59.64493,65.63635,54.68804,71.37062,58.01445,60.93716,67.60422,74.61706,57.88425,73.80393,79.62254,78.82935,69.70245,67.83177,68.59057,72.6955,62.04547,60.25629,66.63407,72.95587,58.4703,64.57486,54.53458,70.7086,71.34371,58.78796,62.17225,69.13517,0,70.34441,72.33014,75.55652,72.14547,73.53203,67.21186,71.19374,52.19379,67.13856,72.55793,68.30597,59.65059,70.82278,67.61742,69.54278,66.93695,76.34985,78.95134,59.71595,71.23862,60.13998,75.28483,72.18366,83.06478,100,77.44027,58.40596,61.01134,68.52172,67.27558,60.49035,64.3185,73.28862,70.2473,56.6317,85.63531,76.24382,68.06988,68.51456,65.83696,65.78903,76.87144,60.81902,64.04458,68.14079,56.22092,69.86547,68.97851,60.57208,80.85325,68.76704,73.97783,88.83729,85.97766,70.62104,74.53197,69.90222,71.55239,65.00108,64.21817,72.32038,75.7999,74.76343,70.40503,73.58702,72.88631,73.62462,62.48312,86.46328,62.74381,66.13457,68.6629,61.08211,74.44947,74.28508,65.57866,57.61625,76.43325,65.91142,74.88908,81.57696,72.54376,64.0879775,73.61522,68.6652216666667
"2012",69.7931,78.84177,58.86274,59.65545,65.67017,0,71.43057,58.01445,100,67.62613,73.83125,57.88542,73.82122,80.18376,78.82935,69.68804,67.81887,68.58236,72.82112,62.05507,60.24634,66.66598,73.06088,58.47164,64.41806,54.59633,70.91815,71.33757,58.70426,62.17644,69.11877,71.65629,70.3456,72.39704,75.47203,72.14293,73.6786,67.21448,71.44956,52.19536,67.11091,72.55793,67.99507,60.11856,70.86744,67.61742,69.61789,66.68349,76.34985,79.49635,59.71595,71.26562,60.161,75.50898,72.43958,83.04135,83.10083,81.63472,58.42136,61.01134,68.52308,67.14234,62.64267,64.32495,73.41208,70.72024,56.61056,85.69946,78.07763,68.08285,68.51456,65.81727,65.79163,76.92748,60.81132,64.04249,69.20084,56.23104,69.87893,68.98708,60.54074,78.11404,68.78062,74.00386,88.80346,85.994,70.63674,74.48886,70.00274,71.55667,64.99769,64.23669,72.3202,74.17387,74.75688,70.95221,73.67978,73.0312,73.76289,62.40518,89.22993,62.75021,66.14454,68.78681,61.08211,74.5095,74.387,65.57766,57.62051,76.52189,65.72476,79.81156,81.66882,72.54376,64.3482275,73.8066375,69.1353392105263
"2013",69.56348,78.98178,58.81175,59.66808,66.70236,54.90646,71.55048,58.01445,62.28381,67.62613,73.83125,57.88582,73.84344,80.22117,78.902,69.66401,67.78663,67.39862,72.82112,62.13911,60.2364,66.66598,73.15088,58.47325,64.12015,54.60515,72.80416,71.33348,58.70532,62.17434,69.11728,70.92068,70.35271,72.41488,75.40161,72.1404,73.86182,67.21972,71.47838,52.19694,66.84166,72.06819,67.53908,59.68492,70.8786,67.61873,69.64042,66.68963,80.58448,80.14046,59.74425,71.23862,60.26087,75.73314,72.64432,83.00619,84.70998,81.63453,58.45216,61.01134,68.52417,66.17637,62.62794,65.66356,73.39754,70.726,56.61625,85.73956,76.36321,68.09323,67.58435,65.76804,65.79371,77.06199,60.79592,64.03116,69.2009,56.24454,69.88565,69.01155,60.5094,78.27325,68.77156,74.02989,88.79218,86.02669,70.64655,74.41988,85.23195,73.53274,65.02144,64.19732,72.31982,74.37734,74.7307,70.89907,73.67978,73.1002,73.92881,62.48312,89.53733,62.78221,67.60018,68.81655,61.21617,74.55952,74.28677,65.56268,57.6262,76.60371,65.61497,75.18999,81.89846,72.54507,64.1394425,73.857225,69.4580192105263
"2014",69.41039,78.98178,58.80247,59.69966,65.71525,55.19769,71.57617,58.01445,62.45214,73.85326,73.81856,57.88464,73.86567,80.296,78.03022,69.48624,67.60927,68.56594,91.39363,62.14391,60.2364,67.35443,73.30088,58.47513,64.22991,54.63161,72.90893,71.33144,58.70638,62.18062,69.11877,0,70.35685,72.43272,75.3312,72.13363,73.97175,67.22365,71.4964,52.40552,67.05218,72.57008,67.70489,59.69473,70.26453,67.6196,69.65169,66.69576,76.54506,79.19907,59.76783,71.34663,60.31343,76.51768,72.6102,82.95932,85.42516,77.29231,58.47141,61.01134,68.52444,66.04313,62.62057,64.33571,73.38736,70.7188,56.62032,85.77966,76.45275,68.10879,67.3983,65.65481,65.79475,77.09561,60.78821,64.02967,68.26735,56.25128,69.88117,69.02134,60.47807,78.36171,68.77609,74.08196,88.74707,86.02669,70.63674,70.25108,70.40478,71.68083,65.03501,63.35976,72.31964,74.47908,74.72415,70.87455,73.60011,73.1623,74.01177,61.9814,88.92252,62.80141,66.13457,68.84133,61.2116,74.60954,74.28818,65.56068,57.64041,76.54234,65.54909,75.41567,82.03624,72.54868,63.5272375,73.8625675,68.7649607894737
"2015",68.79806,78.98178,58.86274,59.72281,65.72277,55.85295,71.66182,58.01445,100,67.62613,73.8101,57.89089,74.22096,80.25859,78.50243,69.49585,67.59314,68.56047,73.11422,62.14871,60.23214,66.74254,73.48089,58.48397,64.18287,54.66689,100,71.30281,58.69579,63.6112,69.13218,69.69466,70.61489,72.45948,75.31712,72.12602,74.2649,67.22758,71.47838,52.19945,67.03836,72.56806,67.62199,59.70822,70.29803,67.61916,69.68924,66.68758,76.85182,79.89273,59.7867,81.73165,60.3292,76.29352,72.57608,82.95932,85.96154,77.44027,58.56766,61.01134,68.52608,65.9432,62.57638,64.3271,73.38009,70.6742,56.62357,86.1322,76.54229,69.52879,66.56111,65.63019,65.79839,77.0844,60.74971,64.02788,68.30304,56.26478,69.89687,69.03112,60.39973,78.45016,68.76251,74.07328,88.69068,86.1411,71.25995,74.17847,70.43829,73.53286,65.03161,64.27607,72.30735,75.80048,74.71434,70.85002,73.60487,73.26579,73.32044,61.99601,90.76695,62.80461,66.14454,68.92559,61.21115,74.65956,74.28987,65.56068,57.64326,77.6529,65.38439,75.64135,82.26588,72.54933,64.2888275,74.2103375,69.9612329824561
"2016",68.64498,78.87289,59.12696,59.73544,66.70243,0,71.68752,58.01445,62.78881,67.64804,73.80587,57.89558,73.91259,80.18376,78.7567,67.38863,67.56735,68.51395,73.36545,62.15592,60.20941,66.80635,73.60089,58.48639,64.13583,54.67571,73.32805,71.29873,58.69473,62.14503,69.15156,100,70.36515,72.48177,75.27487,72.1184,74.37483,67.23152,72.68783,52.20197,67.00726,72.57819,67.55981,59.72293,70.38735,67.61394,69.71929,66.68349,76.90759,79.99182,59.89046,71.34663,63.43768,100,77.99622,82.9476,86.31913,77.47727,60.30237,61.01134,68.52989,65.80997,62.49535,64.33571,73.28857,70.24724,56.72115,85.86787,76.78107,68.12695,66.28205,65.62527,65.80307,77.10682,60.7189,64.02639,68.36145,56.20405,69.9731,69.04581,60.37466,78.62706,68.76251,74.08629,88.67941,86.23916,70.64851,74.16123,70.70632,71.70652,65.05366,64.26449,72.30735,74.66802,74.71434,70.78053,73.61202,74.74097,72.96094,62.09343,93.5336,62.83341,67.60018,68.96524,61.20658,75.39918,74.29184,65.00793,57.6461,76.79463,65.24166,76.01749,83.78013,72.55359,64.167995,74.142495,69.389003245614
"2017",67.9306,78.84177,59.13623,59.77122,65.79415,55.3433,71.74747,58.01445,62.78881,67.69186,73.80164,57.88464,73.93234,80.37083,79.30157,69.42378,67.54155,68.503,73.78416,62.15832,60.19521,67.35456,77.72211,58.62459,64.12015,54.68453,73.58999,71.30077,58.24175,62.16597,69.16498,71.90149,70.36456,72.56651,70.92768,71.71698,93.19095,67.23807,71.51441,52.20543,67.00726,72.57008,66.6271,59.73765,70.26453,67.62177,69.73806,66.67325,77.1028,80.3882,59.91876,81.73192,60.35022,77.47033,73.17323,82.86557,86.67672,77.86567,58.62156,61.01134,68.5307,63.31409,60.49016,64.34216,73.37137,70.63391,56.72522,85.94807,76.84077,68.11916,65.90996,65.63019,65.81035,77.21891,55.77185,64.02281,68.41337,56.20743,70.63395,69.04581,60.35586,78.87473,71.28638,74.11666,88.64557,86.33722,70.65832,74.11812,70.80683,71.70652,65.06045,64.24827,72.31893,74.68255,74.69797,70.756,73.61559,73.52107,77.29891,62.27854,96.91505,64.47321,66.16695,68.99002,61.20156,74.71959,74.29466,65.5447,57.65747,76.93101,63.1464,76.20556,82.44959,72.55589,64.047145,74.07058,69.5928490350877
"2018",62.34845,78.904,59.15014,59.77332,65.85802,55.19769,71.79029,58.01445,64.47212,67.70281,73.79741,57.88542,73.94469,80.55791,79.33789,69.39975,67.52542,68.50027,74.62159,62.17272,60.17816,66.85739,73.9909,58.48933,64.0888,54.68894,73.43282,71.30077,58.70638,63.61118,69.17393,71.65629,70.36515,72.54421,75.27487,72.11079,74.59469,67.23938,71.5036,52.20606,67.01072,72.53159,61.22283,59.7683,70.42084,67.6209,71.13371,66.67735,77.21435,90.68352,59.85745,71.45463,60.36073,77.1341,73.1903,82.80698,86.49793,78.77196,58.62926,61.01134,68.53152,65.2104,62.46589,64.34646,73.36555,70.61808,56.71058,85.98817,76.99,68.12176,64.88673,65.64004,65.81139,77.34221,60.6804,64.02252,68.53018,56.2108,69.98656,69.04703,60.32766,79.05164,68.75798,74.19042,88.60046,86.41894,70.70147,74.05777,70.80683,71.70652,65.05027,63.35978,72.31881,74.72615,74.69143,70.74783,73.59178,73.54867,73.84585,62.30289,97.52986,62.82061,66.17193,69.05445,61.19745,74.77961,74.29833,65.5457,57.64468,76.95146,64.94521,76.35601,82.54145,72.55785,63.714015,73.9793475,69.4093930701754
"2019",67.52238,78.96622,59.17332,59.77753,65.85802,53.66875,71.71321,58.01445,64.97712,67.71377,73.79741,57.88621,73.95951,80.78239,79.77378,69.40936,67.48028,68.48385,74.87282,63.54476,60.1739,66.85739,74.65092,58.49443,64.02608,54.72422,73.5376,71.29259,58.70426,63.61118,69.3035,71.41108,70.36574,72.50853,75.2467,72.1091,74.63134,67.93711,71.52522,52.207,67.01763,72.52754,66.17112,59.77934,71.20239,67.61699,71.13371,66.68963,77.49322,80.53684,59.81972,71.45463,60.35022,100,73.25854,82.73667,86.49793,78.75347,58.64081,61.01134,68.5337,65.11047,62.45484,65.66358,73.35828,70.61088,56.70082,86.00421,77.0497,69.52879,64.60767,65.74342,65.80931,77.42067,60.65729,64.02162,68.53343,56.23779,69.96638,69.50539,60.18038,80.85431,68.76704,74.20344,88.52152,86.517,70.73286,74.08363,70.77333,71.72364,65.0384,64.15563,72.31878,74.76975,74.64561,70.72739,73.67978,73.58317,74.01177,62.43928,100,62.9134,66.21926,69.08419,61.0821,74.83964,74.30086,65.5427,57.64752,77.02647,64.85737,79.81344,82.49552,72.55883,64.26864,74.065665,69.7457107017544
"2020",67.52238,78.99733,59.08988,59.77753,65.86554,53.59594,71.83312,58.01445,100,73.85337,73.8397,57.88738,74.22103,81.34361,79.81011,69.42858,67.4706,68.51669,74.87282,62.18713,60.1739,67.35462,74.75592,58.49255,63.99472,54.71981,73.5376,71.29464,58.24175,63.61118,69.18138,71.65629,70.36574,72.51745,75.2467,72.11079,74.66798,67.93711,71.55405,52.20731,66.84155,72.53565,66.17112,59.77934,71.20239,67.61699,69.76435,66.69372,80.58559,80.58638,59.73482,71.31963,63.43774,77.41429,73.2756,82.70152,86.49793,78.88293,58.63696,61.01134,68.53615,65.14378,62.45852,64.35506,73.35828,70.59505,56.71953,86.02025,78.07838,68.13473,64.04954,65.74835,65.81451,77.44308,60.64959,64.02043,69.20119,56.41996,69.99104,69.05804,60.00506,80.85449,68.76704,74.25116,88.52152,86.50065,70.75248,74.08363,70.87384,71.71508,65.04009,64.1649,72.31878,74.79882,74.64561,70.70286,73.59773,73.61076,74.67545,62.54157,96.60765,62.923,66.21926,69.08419,61.20247,74.83964,74.30453,65.54171,57.64752,77.00601,64.85737,77.03305,82.54145,72.56768,64.07838,74.2911875,69.8862371052632
"2021",67.52238,79.05956,59.11769,60.89407,65.84675,0,71.84168,58.01445,63.96713,73.85337,74.61714,57.88972,73.97926,81.41844,80.64557,69.39495,67.46093,67.39848,91.39573,62.18953,60.17106,66.92758,77.72301,58.62459,63.97904,54.72422,73.58999,71.29259,58.76995,62.20575,69.17989,71.41108,70.36693,72.52191,75.19037,72.10656,74.70462,67.93711,71.56125,52.2136,66.84155,72.51539,65.6944,59.78547,71.22472,67.61699,69.72304,66.69372,77.54899,90.68352,59.75368,81.73219,63.43774,77.47033,73.1903,82.70152,100,78.84594,58.66776,61.01134,68.53751,65.17709,60.49016,64.37012,73.35828,70.58498,56.72115,86.00421,77.0497,68.13732,63.58443,65.66466,65.81608,77.43188,60.64189,64.02013,68.59508,56.41996,69.99553,69.06294,60.15845,79.29931,68.76704,74.24682,88.51024,86.48431,70.75836,74.08363,71.04136,71.71936,65.04179,64.16258,72.31878,74.82789,74.64561,70.70695,73.59535,73.63146,74.73075,62.04959,97.52986,62.9358,66.22175,69.12384,61.20019,74.82964,74.30622,65.53571,57.64752,77.6531,64.72561,77.07066,82.63331,72.56801,63.9893125,74.53941,69.5023725438597
