year,Russia,Germany,Iran,Bangladesh,Malaysia,Yemen,Israel,Saudi Arabia,Liberia,Tanzania,Slovakia,Iraq,United Kingdom,Lithuania,Moldova,Bolivia,Panama,Peru,Brazil,Cameroon,Nepal,South Korea,Ukraine,India,Paraguay,Pakistan,Zimbabwe,Trinidad and Tobago,Algeria,Central African Republic,Japan,Haiti,Philippines,France,Cuba,Cambodia,Burundi,Uganda,Mongolia,Niger,Singapore,Hungary,Armenia,Turkey,Thailand,Venezuela,El Salvador,Greece,Poland,Bulgaria,Jordan,Kyrgyzstan,Togo,Botswana,Romania,Denmark,Senegal,Latvia,Morocco,Bahrain,Dominican Republic,Italy,Zambia,Benin,Belgium,Uruguay,Egypt,Norway,Canada,Mozambique,China,Honduras,Indonesia,Austria,Sierra Leone,Kenya,Chile,Mali,Tajikistan,Ecuador,United Arab Emirates,New Zealand,Lesotho,United States,Sweden,Finland,Costa Rica,Namibia,Nicaragua,Colombia,Sri Lanka,Mauritius,Rwanda,Portugal,Switzerland,Ireland,Slovenia,Kazakhstan,Croatia,Kuwait,South Africa,Guatemala,Malawi,Mexico,Tunisia,Spain,Argentina,Ghana,Mauritania,Estonia,Albania,Australia,Netherlands,Jamaica
2004,71.73214270100367,78.53065149813516,58.81638060101506,59.35025869617034,65.61756812151904,56.289791480165775,71.08797693303133,58.01445,172.9265311833335,67.12220041926923,73.81009894623297,57.84792366526961,73.71502777855606,78.38785898949236,77.01313852972194,67.38916130043219,67.74147962947025,68.66446013205129,71.60684503571716,63.544540610361565,60.45373786108603,66.73616179877804,72.1608513090776,58.45421321552538,65.2490720870579,54.24792007018671,68.5606463184576,71.35188508960914,58.83033706228285,62.128283429862094,69.07255417063604,-84.1460607142858,70.3313813085318,72.1829730776634,75.59876935993229,72.20215009275114,71.47998533715676,67.15682450701861,71.2441827457548,52.18593114008088,67.37695709721366,72.60857480653839,69.38375386853527,59.46542258407198,70.39850998525952,67.6039265378948,69.26487453286178,66.57707569904545,76.3219663810703,78.65405795371171,59.536723078876946,70.15856398625944,63.437367683501485,74.10801706857816,71.80830252992158,83.19368047292541,67.90329308273425,76.9593871344237,58.12874691828585,61.01134,68.51927238868223,69.207529824319,62.78261944059882,64.25182477261752,73.44115745328226,70.77060740259554,57.08092140398244,85.56312845540342,76.15427970189675,68.02059990171294,69.8168541065292,66.2455703748232,65.76250152658989,76.61363371892641,60.888332519334185,64.06365391174765,67.94285573704809,56.2377886263778,69.80044817789104,68.91978601842375,61.859964629829264,80.85289739198171,68.69006728564668,73.90407001056822,88.79218189074119,85.60176005797065,70.54845968619456,70.25142173581878,67.42293342996457,71.42822339163848,64.93662423788928,64.44977249966362,72.32214723177958,73.22918461755357,74.85833757200508,71.1729545274408,73.52631715067868,72.34815188230284,72.93329055573157,60.84643982182281,80.92999520817244,62.638223696792835,65.975164498172,68.4943772211677,61.22392655118362,74.16935241279293,74.2808529089636,65.58265416253472,57.513894012812884,76.11276989974408,66.44942562007932,74.70101775042632,80.33690938658991,72.67763884664969
2005,71.63008776797513,78.51509539876102,58.8673715072912,59.539690794805516,65.63635367464556,54.68804220840734,71.11367147644643,58.01445,60.60049333333335,67.33034467350848,73.80586961476098,57.84792366526961,73.7224362958678,78.20078603812154,77.66697541226516,70.00514993444197,67.73180548778461,68.66172359277513,71.6905880054579,61.971035377013564,60.44237386808847,67.35443261117214,72.19085214096351,58.45903903167426,65.20203387096772,54.287611938996996,70.2894833762977,71.3396175404796,58.82503979275185,62.15968690025217,69.09193410753791,61.11253499999998,70.3319737141405,72.19189250782878,75.54243854577146,72.19961229015651,72.61593702120264,67.16861781515911,71.2766104659824,52.186560040627555,67.3631366879836,72.59844580178509,69.21794037679122,59.46787506905387,70.54365467434508,67.61829106349148,69.27989640705972,66.57298297095215,76.21041886990125,78.40632408247075,59.527289997791726,63.67821703513472,63.43742024411987,74.5002869851551,71.82536418272258,83.19368047292541,68.43967674302425,81.63416305936458,58.15569774529677,61.01134,68.51981677889884,69.14091092380576,62.760522039106995,64.25827714471134,73.43824945758237,70.77348534195829,56.61381439005182,86.13196135213104,76.09458532665768,68.02838131233472,45.748552552921076,63.54515408140043,65.7640619278874,76.66967772301234,60.8806311453227,64.06216343592816,69.20067439736059,56.24453589767232,69.86995876083422,68.91978601842375,61.83489622150803,77.81329647319687,68.68101207441299,73.91274734362236,88.78090439058344,85.66713406532209,70.57788535996177,74.66991652166766,67.65746093615058,71.44534926390446,64.95358645039335,64.27143513105084,72.3218227810072,73.40358862882137,74.84524655207058,71.14842790794414,73.52036583227253,72.33435284615797,72.93329055573157,63.53351839170861,82.46702005546584,62.63182423308759,65.98014598848854,68.54394149832694,61.226665184973555,74.15934812614066,74.2819802044317,65.5796579247652,57.51531557315687,76.11958854185823,66.50432415325128,74.73863119814902,80.52062116806894,72.53491406611712
2006,71.42597790191805,78.56176369688345,61.24303783069659,59.55442440247714,65.65889633839738,-3.426333642391816,71.1051066286414,58.01445,60.93715666666668,67.37416451650623,74.61713997771848,58.107455439931975,73.72984481317951,78.46268817004069,77.77594822602236,67.38916130043219,67.73503020167983,68.58510049304239,71.77433097519865,61.97823853216973,60.42816887684151,66.6914982725989,72.73086711490994,58.62456184457202,65.2490720870579,54.37140588426317,101.43002990813801,71.3396175404796,58.81868306931465,62.15968690025217,69.09789716504616,69.44945642857141,70.3313813085318,72.19189250782878,75.35936339974876,72.19199888237263,72.79915503475843,67.93705666991796,72.68757660388572,52.187188941174234,67.28712443721827,72.56603298657458,69.01067351211115,60.118372185651,70.37618003309252,67.61829106349148,69.40007140064327,66.57707569904545,76.15464511431671,78.60451117946353,59.574455403217804,63.57021125261598,63.43747280473826,74.94859546124304,71.89361079392661,83.20539858407635,68.43967674302425,76.66345670989726,60.30194610490224,61.01134,68.52144994954871,68.04169906533755,62.72001013637198,65.66349624721022,73.43679545973244,70.7634125541887,56.6154407222905,85.53906954252899,76.06473813903814,68.03616272295649,69.7238329209622,65.87634495049507,65.76510219541908,76.6920953246467,60.865228397299745,63.869486645790445,68.01099853266908,56.32212951755938,69.88565469891817,68.95282057005795,60.979436787546135,77.77791524960492,68.68101207441299,73.90840867709528,88.78090439058344,85.76519507634924,70.58180878313073,70.25133551792177,67.38942950050944,71.43250485970498,64.95697889289416,64.26680299160635,72.32140984366052,73.51985796966657,74.8256100221688,71.14434013802803,73.52869767804114,72.34125236423041,73.04390360534573,61.80604115288565,81.85221011654846,62.638223696792835,66.00007194975464,68.54889792604287,61.22301367325363,74.14934383948837,74.2831074998998,65.57466419514934,57.5977660731081,76.14686311031488,66.27375031392907,74.77624464587174,80.97990062176649,72.53556942831995
2007,70.660565904204,78.56176369688345,58.876642581159594,59.56073880576498,65.68143900214922,54.68804220840734,72.55110988356523,58.01445,61.273820000000015,67.40702939875452,73.84816292948089,57.86979936800162,73.73478382472067,78.35044439921819,77.99389385353678,69.9715167558098,67.7253560599942,68.57689087521388,71.94181691468015,62.03586377341909,60.34720042673386,66.67235676137926,72.55086212359447,58.46306054513167,64.98252219588028,54.38463650719993,70.65620638856682,71.29872571004776,58.80173180681547,62.1575933355595,69.11131404443977,65.77140285714285,70.34145220387968,72.28108680948247,75.44385962099001,72.16577492222815,72.98237304831422,67.20006663686709,71.27300738595711,52.187817841720914,67.22493259568299,72.56400718562392,68.07797262105085,59.54880707345632,70.53248969826157,67.61959692945481,69.45640342888557,66.93688788936828,75.95943696977086,78.65405795371171,59.59803810593085,72.04866518033748,60.19779396898224,75.228788258798,71.79124087712056,83.18196236177448,73.26712968563422,76.66345670989726,58.20574928117419,61.01134,68.52008897400717,63.31642045193446,60.49038232584685,64.31204691215983,73.4353414618825,70.74758388769365,57.08092953564363,85.49897135440494,76.04981454522837,68.04653793711887,69.53779054982819,65.86157593352195,65.76926326554577,76.74813932873263,60.8806311453227,64.05828819879747,68.03046790284651,56.30526133932307,69.89238152952558,68.95649107579509,60.6378797241694,80.85289739198171,68.74439855304877,73.90840867709528,88.78090439058344,85.8632560873764,70.60534932214449,74.60094220406152,67.89198844233661,71.42394192357199,64.9875108754015,64.27606727049533,72.32111488841291,73.79599765417392,74.79942798229979,71.11981351853137,73.67969452864199,72.52753935218615,72.96094381813512,61.81091222563216,83.08182999438321,62.70541806569787,66.01501642070423,70.65329800567037,61.219818600498705,74.11933097953153,74.28367114763385,65.57366544922617,57.606295435172015,76.10595125762991,66.28473002056346,74.77624464587174,81.30139623935479,72.53819087713127
2008,70.63505217094686,78.59287589563175,58.73757647313376,59.49548997179064,65.6701676702733,54.61523542332741,72.55110988356523,58.01445,61.61048333333335,67.45084924175225,73.83970426653691,57.87995594427005,73.73478382472067,78.05112767702487,78.17551520979877,69.94268831698223,67.7285807738894,68.56868125738538,72.10930285416165,62.03826482513781,60.28469846524725,66.62769323520013,72.49086045982264,58.46225624244018,64.7943693315196,54.42432837601022,70.18470537279224,71.3150824422205,58.79537508337827,62.155499770866825,69.11280480881683,67.97823499999998,70.3390825814449,72.29892566981322,75.50019043515084,72.16577492222815,73.16559106187,67.20661847472293,71.17212114524901,52.40551491045632,67.1834713679928,72.55590398182129,68.43032629100696,59.565974468329564,70.62180950692961,67.61916164080037,69.4714253030835,66.58321479118541,75.76422882522502,78.45587085671895,59.60275464647346,81.73246364096816,60.20830609266041,75.39690393733098,71.72299426591653,83.20539858407635,74.16110245278422,76.81142192216048,58.232700108185114,61.01134,68.52036116911547,67.54205731148835,62.675815333388336,64.31849928425365,73.28863307882378,70.73895006960544,56.624385549603204,85.48293207915533,75.94534938855999,68.05431934774064,69.6308117353952,65.8320378995757,66.04673902560691,76.66967772301234,60.865228397299745,64.0520282003556,68.04669237799436,56.288393161086745,69.88341242204903,68.95893807961984,60.60967776480802,77.76022463780895,68.7579813698993,73.92142467667648,88.79218189074119,87.02250067273576,70.60731103372896,70.25124930002475,68.12651594852262,71.43250485970498,64.99429576040312,64.25522264299514,72.32079043764051,73.85413232459652,74.78960971734891,71.11572574861526,73.5191755685913,74.74014580283534,72.98859708053865,62.08369229943682,79.70037533033769,62.721416724960974,67.60005191706833,68.56872363690657,61.21844928360374,74.17935669944522,74.28479844310195,65.58565040030425,58.54500859272017,77.65235110270055,66.3615879670042,74.6257908549809,81.34732418472454,72.5388462393341
2009,70.45645603814692,78.67065639250248,61.24294511995791,59.609149230971745,65.65513922777208,54.61523542332741,71.27640358474207,58.01445,172.93494776666685,67.47275916325113,73.80586961476098,57.88347168220913,73.76194838819698,79.13615079497569,78.39346083731319,69.76971768401681,67.8382210463265,68.56868125738538,72.23491730877276,62.04066587685653,60.276175470499076,66.63407373894,72.68586586708108,58.466813957691905,64.77868992615622,54.472840660111686,70.23709437454497,71.32326080830686,58.79007781384727,63.61115530168131,69.30344375735606,68.7138457142857,70.3384901758362,72.31676453014396,70.92795907675156,72.1505481066604,73.12894745915884,67.20530810715177,71.17212114524901,52.186560040627555,66.84172719875644,72.53969757421604,68.28523948573091,59.58314186320281,70.67763438734713,67.6174204861826,69.51273545712786,66.61595661593184,75.73634194743276,78.45587085671895,59.60275464647346,71.83265361529999,60.22407427817766,74.78047978271007,71.70593261311552,83.14680802832166,75.4126643267942,77.1813349528185,60.30202310726513,61.01134,68.51872799846561,67.47543841097513,62.66844953289106,64.32710244704542,73.42807147263281,70.72743831215448,56.62926454631922,85.50699099202976,75.94534938855999,68.08025738314657,69.44476936426118,65.87634495049507,65.78538741228672,76.75934812954982,55.77200170854745,64.0496434390444,68.0758964332605,56.26477771155591,69.86547420709596,68.97606710639312,60.584609356486794,77.76022463780895,68.74892615866561,73.91274734362236,88.80345939089892,85.89594309105212,71.25991362653797,74.54058967615616,85.23027193537428,71.44534926390446,64.9892070966519,63.35980692767836,72.32081993316528,73.88319965980783,74.77979145239802,71.0911991291186,73.6797064312788,72.76212296664895,73.37574275418821,62.41005417345312,85.84847471951133,62.71181752940311,66.10219250124345,68.60341863091804,61.21388489395384,74.27939956596805,74.2831074998998,65.58065667068838,57.60913855585999,76.31732916316892,65.80162292865029,74.73863119814902,81.34732418472454,72.53917392043553
2010,70.17580497231845,78.70176859125077,58.81174506408087,59.61756843535553,66.70232110125689,54.61523542332741,71.3106629759622,58.01445,62.45214166666668,67.49466908475,73.75934696856906,57.88347168220913,73.77923492859101,79.77219882963652,77.77594822602236,69.72167028597086,67.83499633243129,68.55499856100452,91.39321521121278,62.04066587685653,60.26481147750151,66.63407373894,72.8508704424536,58.468690663972026,64.71597230470266,54.51253252892198,70.44665038155588,71.3396175404796,58.79113726775347,62.14503194740347,69.13367551009576,68.95904928571429,70.33967498705358,72.31676453014396,75.6128520634725,71.71701528942022,93.18985419940907,67.20268737200942,71.19373962540075,52.18750339144757,67.13509993568758,72.068172144941,68.38887291807094,59.601535500567,70.72229429168114,67.61654990887371,69.54277920552374,66.62618843616511,75.82000258080956,90.68203287020351,59.701801997868216,71.53563771337343,60.1767697216259,75.06067258026502,71.89361079392661,83.12337180601978,76.84302075423419,77.36629146814752,58.27890152591812,61.01134,68.52063336422378,67.40881951046191,62.64635213139923,64.33355481913924,73.42225548123307,70.70873170629669,56.628451380199884,85.5551088177786,76.09458532665768,69.52874103235546,69.25872699312715,65.85172992220653,65.78746794735007,76.7817657311842,60.834422901253824,64.04666248740541,68.10185559349706,56.24116226202506,69.86547420709596,68.9772906083055,60.55327384608526,77.7956058614009,68.76250897551614,73.94745667583886,88.83729189137216,87.02250067273576,70.60731103372896,74.54921146585693,68.59557096089466,71.54810449750033,64.98581465415108,64.25290657327288,72.30735375133511,73.95586799783608,74.77324594243076,71.07076027953806,73.52750741435992,72.82421862930086,73.54166232860945,62.43928060993219,221.8936180031455,62.718216993108356,66.11464622703477,68.63315719721359,61.08210640037167,74.34942957253402,74.28451661923492,65.5796579247652,57.61198167654796,76.52188842659376,65.84554175518785,74.70101775042632,81.3932521300943,72.54114000704402
2011,70.02272257277563,80.19375408222514,58.80247399021248,59.64493084960284,65.63635367464556,54.68804220840734,71.37061691059743,58.01445,60.93715666666668,67.60421869224433,74.61705539108904,57.8842529573067,73.80392998629675,79.62254046853987,78.82935209234199,69.70245132675248,67.83177161853608,68.59057357159473,72.69550364234689,62.04546798029398,60.25628848275334,66.63407373894,72.95587335405429,58.47029926935499,64.57485765643216,54.534583567149916,70.70859539031954,71.34370672352277,58.78795890603487,62.1722482884082,69.13516627447282,-84.13870460714294,70.34441423192318,72.33014367539201,75.55652124931167,72.14547250147113,73.53202708898158,67.21185994500759,71.19373962540075,52.193792396914354,67.13855503799509,72.55792978277195,68.30596617219892,59.65058520020485,70.82277907643267,67.6174204861826,69.54277920552374,66.93694928028968,76.34985325886255,78.9513385992009,59.71595161949604,71.23862181144688,60.13997728875232,75.28482681830899,72.18365889154374,83.06478125026509,181.5129282232241,77.44027407427913,58.405955424683896,61.01134,68.52172214465703,67.27558170943546,60.49034549684436,64.31849928425365,73.28861853884527,70.24729729857211,56.631704044677235,85.63530519402669,76.24382126475537,68.06988216898421,68.51455750859108,65.8369609052334,65.78902834864758,76.87143613772167,60.819020153230866,64.04457582125812,68.14079433385191,56.22092044814148,69.86547420709596,68.97851411021787,60.57207515232618,80.85325120421763,68.76703658113297,73.97782734152833,88.83729189137216,85.97766060024142,70.62104301482033,74.53196788645539,69.90222420964533,71.55238596556683,65.00108064540476,64.21816552743923,72.32037750029384,75.79989974364096,74.76342767747988,70.40502607100052,73.58702059842142,72.88631429195277,73.62462211582007,62.48312026465079,86.4632846584287,62.74381484792932,66.13457218830087,68.66289576350914,61.08210640037167,74.44947243905685,74.28508026696898,65.57865917884203,57.616246357579925,76.43324607910967,65.91141999499419,74.88908498903986,81.57696391157333,72.54376145585535
2012,69.79309897346143,78.84177348561809,58.86273597035701,59.65545485508257,65.6701676702733,-3.426333642391816,71.43057084523268,58.01445,172.93494776666685,67.6261286137432,73.83124560359292,57.885424869953056,73.82121652669078,80.18375932265236,78.82935209234199,69.6880371073387,67.81887276295525,68.58236395376622,72.82111809695802,62.05507218716887,60.246344988880466,66.66597625763939,73.06087626565498,58.47163977384079,64.41806360279827,54.596326474188146,70.91815139733046,71.337572948958,58.70426204744512,62.17643541779354,69.1187678663251,71.65628857142858,70.34559904314058,72.39703940163228,75.47202502807042,72.1429346988765,73.6786014998262,67.21448068014992,71.44955830719628,52.19536464828105,67.11091421953498,72.55792978277195,67.99506587517882,60.11855612202464,70.86743898076669,67.6174204861826,69.61788857651347,66.68348662947136,76.34985325886255,79.49635311593103,59.71595161949604,71.26562325707657,60.16100153610866,75.50898105635295,72.43958368355887,83.0413450279632,83.10083012428416,81.63471792891056,58.42135589726157,61.01134,68.52308312019859,67.142343908409,62.6426692311506,64.32495165634748,73.4120774962835,70.72024346374764,56.61056172557448,85.69946229502514,78.07763247209986,68.08285118668718,68.51455750859108,65.81726888260258,65.79162901747677,76.9274801418076,60.811318779219384,64.04248915511083,69.20083664211207,56.23104135508327,69.87892786831077,68.98707862360452,60.540739641924645,78.1140368737285,68.7806193979835,74.00385934069071,88.80345939089892,85.99400410207927,70.63673670749617,74.48885893795156,70.00273599801076,71.55666743363332,64.99768820290394,64.23669408521718,72.32020052714527,74.17387301192083,74.75688216751263,70.9522149519709,73.67977784709967,73.0312041714739,73.76288842783778,62.4051831007066,89.22992938355682,62.750214311634565,66.14453516893393,68.78680645640728,61.08210640037167,74.50949815897054,74.3869990502398,65.57766043291886,57.62051103861189,76.52188842659376,65.72476498220955,79.81155689251077,81.66881980231284,72.54376145585535
2013,69.56347537414722,78.9817783799854,58.81174506408087,59.668083661658244,66.70235867236313,54.906462563647125,71.55047871450314,58.01445,62.28381000000002,67.6261286137432,73.83124560359292,57.88581550750184,73.84344207862594,80.22117391292653,78.9020006348468,69.66401340831572,67.78662562400316,67.39861915907369,72.82111809695802,62.13910899732418,60.2364014950076,66.66597625763939,73.15087876131273,58.473248379223755,64.12015490089388,54.60514688947932,72.80415546042875,71.33348376591482,58.70532150135132,62.17434185310087,69.11727710194803,70.92067785714286,70.35270791044496,72.41487826196303,75.40161151036938,72.14039689628189,73.86181951338199,67.21972215043458,71.4783829473986,52.196936899647746,66.84165809671029,72.06819240295052,67.53907877288268,59.68491998995135,70.87860395685018,67.61872635214593,69.64042138781038,66.68962572161132,80.58447565161775,80.14046118115756,59.74425086275169,71.23862181144688,60.26086671105124,75.73313529439693,72.64432351717096,83.0061906945104,84.70998110515414,81.63453297239523,58.452156842416905,61.01134,68.52417190063183,66.17636985096723,62.62793763015605,65.66356077093116,73.39753751778412,70.72599934247312,56.61625388840984,85.73956048314919,76.36321001523353,68.09322640084955,67.58434565292097,65.76803882602549,65.79370955254012,77.06198575161383,60.79591603119642,64.03116153888267,69.20090154001265,56.24453589767232,69.88565469891817,69.01154866185207,60.50940413152311,78.27325237989228,68.77156418674981,74.0298913398531,88.79218189074119,86.02669110575499,70.64654526541857,74.41988462034543,85.23194713184704,73.53273620504336,65.02143530040965,64.19732089993903,72.31981708532336,74.37734435839992,74.7307001276436,70.89907394306148,73.67977784709967,73.10019935219826,73.92880800225902,62.48312026465079,89.53733435301552,62.782211630160766,67.60017645432625,68.81654502270283,61.21616708877879,74.55951959223195,74.28677121017112,65.56267924407125,57.62619727998783,76.60371213196369,65.61496791586565,75.18999257082153,81.89845952916161,72.545072180261
2014,69.4103929746044,78.9817783799854,58.80247399021248,59.69965567809744,65.71525299777696,55.197689703966844,71.57617325791824,58.01445,62.45214166666668,73.85325695254397,73.81855760917695,57.88464359485548,73.8656676305611,80.29600309347487,78.03021812478917,69.48623803554571,67.60926635976669,68.56594471810921,91.39363392606148,62.14391110076163,60.2364014950076,67.35443261117214,73.30088292074228,58.475125085503876,64.2299107384376,54.63160813535285,72.9089334639342,71.33143917439322,58.70638095525752,62.180622547178885,69.1187678663251,-84.13870460714294,70.35685474970585,72.43271712229377,75.33119799266835,72.1336294226962,73.97175032151546,67.22365325314809,71.49639834752506,52.40552434396452,67.05217748030721,72.5700845884759,67.70489226462674,59.69472992987891,70.26453027225749,67.61959692945481,69.65168779345885,66.69576481375127,76.5450614034084,79.19907247044186,59.76783356546473,71.34662759396562,60.313427329442085,76.5176751275508,72.61020021156894,82.95931824990663,85.42515931887414,77.29230886201591,58.47140743313899,61.01134,68.52444409574014,66.04313204994078,62.62057182965877,64.33570560983718,73.38735953283455,70.71880449406626,56.62031971900652,85.77965867127322,76.45275157809215,68.10878922209311,67.39830328178695,65.6548096958982,65.79474982007179,77.09561215406538,60.788214657184945,64.02967106306318,68.26734524000517,56.25128316896685,69.88117014517991,69.0213366771511,60.47806862112157,78.36170543887218,68.77609179236666,74.08195533817786,88.74707189011022,86.02669110575499,70.63673670749617,70.25107686423074,70.4047831514725,71.68083000756168,65.03500507041291,63.35976060628392,72.3196401121748,74.47908003163948,74.72415461767635,70.87454732356483,73.60011349891494,73.16229501485017,74.01176778946963,61.981399771760074,88.92252441409815,62.801410021276496,66.13457218830087,68.84132716128245,61.211602699128896,74.60954102549337,74.28818032950625,65.56068175222491,57.6404128834277,76.54234435293624,65.54908967605931,75.41567325715779,82.03624336527089,72.54867667237657
2015,68.79806337643316,78.9817783799854,58.86273597035701,59.72280849015285,65.72276721902756,55.8529507696862,71.66182173596859,58.01445,172.93494776666685,67.6261286137432,73.81009894623297,57.89089379563606,74.22095542577367,80.2585885032007,78.50243365107039,69.4958475151549,67.59314279029066,68.56047163955687,73.11421849105065,62.14871320419907,60.23213999763351,66.74254230251792,73.48088791205777,58.483972415110166,64.18287252234744,54.66688979651755,101.43264935822565,71.30281489309095,58.69578641619553,63.61119717297516,69.13218474571869,69.69466,70.61488886068672,72.45947541278987,75.31711528912814,72.12601601491232,74.26489914320472,67.22758435586158,71.4783829473986,52.19945250183446,67.03835707107714,72.56805878752523,67.6219855187547,59.70821859727932,70.298025200508,67.61916164080037,69.6892424789537,66.68757935756466,76.85181705912329,79.8927273099166,59.78669972763516,81.73165359759926,60.32919551495933,76.29352088950684,72.57607690596693,82.95931824990663,85.96154297916414,77.44027407427913,58.56766038674943,61.01134,68.52607726639,65.94320369917094,62.57637702667512,64.32710244704542,73.38008954358486,70.67419643394383,56.62357238348387,86.13220194125978,76.54229314095076,69.52879290842627,66.56111261168387,65.63019466760966,65.79839075643265,77.08440335324819,60.74970778712754,64.02788249207978,68.30303908533044,56.26477771155591,69.89686608326384,69.03112469245012,60.39972984511774,78.45015849785206,68.76250897551614,74.07327800512374,88.6906843893215,86.14109561862001,71.25995286076966,74.17847450872397,70.43828708092765,73.53286464908535,65.03161262791208,64.27606727049533,72.30735257151413,75.8004810903452,74.71433635272545,70.85002070406817,73.60487455363986,73.2657877859367,73.32043622938113,61.996012989999606,90.76695423085025,62.804609753129114,66.14453516893393,68.92558643245317,61.2111462601639,74.65956245875478,74.2898712727084,65.56068175222491,57.64325600411567,77.65289659406969,65.38439407654346,75.64135394349404,82.26588309211967,72.54933203457941
2016,68.64498097689037,78.87288568436638,59.1269615756061,59.735437296728534,66.70243381457564,-3.4256055745410166,71.68751627938369,58.01445,62.78880500000001,67.64803853524207,73.80586961476098,57.89558144622149,73.91258824020203,80.18375932265236,78.7567035498372,67.38863277905368,67.56734507912898,68.51395047186199,73.3654474002729,62.155916359355246,60.209412011638385,66.80634733991668,73.60089123960141,58.48638532318461,64.13583430625727,54.67571021180873,73.32804547795604,71.29872571004776,58.69472696228933,62.14503194740347,69.15156468262055,105.49438142857144,70.36514842822763,72.4817739882033,75.27486717850752,72.11840260712844,74.3748299513382,67.23151545857507,72.68782881948748,52.20196810402118,67.0072611503095,72.57818779227853,67.55980545935068,59.72293350717067,70.38734500917603,67.61393817694703,69.71928622734958,66.68348662947136,76.90759081470783,79.99182085841298,59.890463619572536,71.34662759396562,63.43768304721183,103.66947798181646,77.9962227677911,82.94760013875569,86.31913208602413,77.47726537734493,60.30236961789813,61.01134,68.52988799790637,65.8099658981445,62.49535322120509,64.33570560983718,73.28857491890977,70.24723973978485,56.721152317804275,85.86787468514612,76.78107064190708,68.12694584687726,66.28204905498283,65.62527166195194,65.80307196032518,77.10682095488256,60.71890229108162,64.02639201626029,68.36144719586271,56.20405226990516,69.97310349681443,69.04580671539864,60.37466143679651,78.62706461581183,68.76250897551614,74.08629400470492,88.67940688916377,86.23915662964717,70.64850697700305,74.16123092932243,70.70631851656881,71.70651881596065,65.05366350416739,64.2644869218841,72.30735227655889,74.66801771051293,74.71433635272545,70.7805286154943,73.61201613572725,74.74097374500403,72.96094381813512,62.09343444492985,93.53359895597839,62.833407339802704,67.60017645432625,68.96523785418059,61.20658187051401,75.39917937095802,74.29184403977756,65.00792582104431,57.64609912480364,76.7946341111602,65.24165789029638,76.01748842072112,83.78012745096052,72.55359188889781
2017,67.93059644569058,78.84177348561809,59.136232649474486,59.77121891535962,65.79415232090834,55.3433032741267,71.74747021401892,58.01445,62.78880500000001,67.6918583782398,73.80164028328898,57.88464359485548,73.93234428636663,80.3708322740232,79.30156761862321,69.42377641808598,67.54154736796733,68.5030043147573,73.78416224897664,62.158317411073966,60.19520702039143,67.35456022124694,77.72210551576924,58.624588654661736,64.12015490089388,54.6845306270999,73.5899904867197,71.30077030156936,58.241746850154726,62.16596759433018,69.16498156201415,71.90149214285714,70.36455602261893,72.5665085747743,70.92767742268076,71.7169814520523,93.1909535074904,67.23806729643091,71.5144137476515,52.205427057027904,67.0072611503095,72.5700845884759,66.62710456829038,59.737648417062026,70.26453027225749,67.62177337272705,69.73806357009703,66.6732548092381,77.10279895925368,80.38819505239854,59.91876286282818,81.73192361205557,60.35021976231567,77.47033063923766,73.1732347540022,82.86557336069912,86.67672119288413,77.86567405953586,58.62156204077127,61.01134,68.5307045832313,63.3140887904165,60.49016135183193,64.342157981931,73.37136555648523,70.6339052828655,56.72521814840096,85.94807106139419,76.84076501714615,68.11916443625547,65.9099643127148,65.63019466760966,65.8103538330469,77.21890896305442,55.77184768106722,64.0228148742935,68.41336551633584,56.20742590555243,70.63394733568587,69.04580671539864,60.35586013055559,78.87473318095552,71.28637745056797,74.11666467039439,88.64557438869053,86.33721764067433,70.65831553492545,74.1181219808186,70.80683030493425,71.70651881596065,65.06044838916901,64.2482744338284,72.3189322195805,74.68255137811859,74.69797257780732,70.75600199599765,73.61558692677093,73.52106995461679,77.29891109137843,62.278535209297296,96.91505362002388,64.47320591963381,66.1669518753583,68.99001999276021,61.20156104189912,74.71958817866847,74.29466227844782,65.54470181745413,57.657471607555536,76.93100695344343,63.14640047325566,76.20555565933466,82.44959487359868,72.55588565660771
2018,62.34844674636207,78.90399788311467,59.15013926027707,59.773323716455565,65.85802320153851,55.197689703966844,71.79029445304408,58.01445,64.47212166666668,67.70281333898924,73.79741095181699,57.885424869953056,73.9446918152195,80.55790522539402,79.33789188987562,69.399752719063,67.52542379849127,68.50026777548115,74.62159194638414,62.172723721386305,60.178161030895076,66.85739136983571,73.99090205411828,58.489334433053365,64.0887960901671,54.688940834745495,73.43282348146151,71.30077030156936,58.70638095525752,63.61117623732823,69.17392614827655,71.65628857142858,70.36514842822763,72.54420999936089,75.27486717850752,72.11078919934457,74.59469156760514,67.23937766400208,71.50360450757563,52.206055957574584,67.01071625261702,72.5315943704134,61.22282833862232,59.76830447933568,70.42083993742654,67.62090279541816,71.13370834714252,66.6773475373314,77.21434647042273,90.68351927343096,59.85744783577428,71.45463337648437,60.360731885993836,77.13409928217172,73.19029640680321,82.80698280494443,86.49792663945414,78.77196098464805,58.62926227706011,61.01134,68.53152116855624,65.21039579352546,62.465890019216,64.34645956332687,73.36554956508549,70.61807661637044,56.7105811582529,85.98816924951824,76.99000095524386,68.12175823979607,64.88673127147769,65.64004067892508,65.81139410057858,77.34220577204346,60.68039542102422,64.0225167791296,68.5301817374004,56.21079954119969,69.98655715802924,69.04703021731102,60.32765817119421,79.05163929891529,68.7579813698993,74.19042200135448,88.60046438805956,86.41893514986361,70.70147318978401,74.05776945291322,70.80683030493425,71.70651881596065,65.05027106166656,63.35978376698114,72.31881423748145,74.72615238093553,74.69142706784007,70.74782645616544,73.59178165314633,73.54866802690654,73.84584821504839,62.302890573029856,97.52986355894124,62.82060841239222,66.17193336567482,69.05445355306723,61.197453091214214,74.77961389858217,74.29832598871913,65.5457005633773,57.644677564459656,76.95146287978592,64.94520581116784,76.3560094502255,82.54145076433821,72.5578517432162
2019,67.52237671357643,78.96622228061126,59.17331694494805,59.77753331864746,65.85802320153851,53.668747217288335,71.71321082279879,58.01445,64.97711666666669,67.71376829973867,73.79741095181699,57.88620614505063,73.95950884984295,80.78239276703903,79.77378314490443,69.4093621986722,67.48027780395836,68.48384853982412,74.87282085560639,63.544756705016255,60.17389953352099,66.85739136983571,74.65092035560836,58.49442835009941,64.02607846871354,54.7242224959102,73.53760148496697,71.29259193548299,58.70426204744512,63.61117623732823,69.30350338793114,71.41108499999999,70.36574083383633,72.5085322786994,75.2467017714271,72.10909733094815,74.63133517031629,67.93710908462081,71.52522298772736,52.2069993083946,67.01762645723205,72.52754276851209,66.17111746599424,59.7793406617542,71.2023882632718,67.61698519752815,71.13370834714252,66.68962572161132,77.49321524834535,80.53683537514313,59.819715511433415,71.45463337648437,60.35021976231567,103.67003836741158,73.25854301800724,82.7366741380388,86.49792663945414,78.75346533311514,58.64081263149336,61.01134,68.53369872942272,65.11046744275562,62.45484131847009,65.66358227883813,73.3582795758358,70.61088176796359,56.70082316482086,86.00420852476785,77.04969533048293,69.52879290842627,64.60766771477665,65.74342379773694,65.80931356551523,77.42066737776376,60.657291298989776,64.0216224936379,68.53342663242996,56.2377886263778,69.96637666620703,69.50539073874505,60.180381272306995,80.85431264092539,68.76703658113297,74.20343800093568,88.52152188695537,86.51699616089077,70.73286057513569,74.08363482201553,70.7733263754791,71.72364468822663,65.03839751291372,64.15563164493864,72.31878474195669,74.76975338375249,74.64560849806928,70.72738760658488,73.67977784709967,73.5831656172687,74.01176778946963,62.43928060993219,221.90284015222926,62.913400636118226,66.21925752368183,69.08419211936278,61.08209727159237,74.83963961849587,74.30086240352236,65.54270432560777,57.64752068514763,77.0264679430417,64.85736815809271,79.8134375648969,82.49552281896844,72.55883478652046
2020,67.52237671357643,78.99733447935955,59.08987728013254,59.77753331864746,65.86553742278912,53.59594043220841,71.83311869206926,58.01445,172.9366310833335,73.85336650215146,73.83970426653691,57.887378057696985,74.22102951094679,81.34361162115152,79.81010741615682,69.42858115789058,67.47060366227274,68.51668701113816,74.87282085560639,62.18713003169864,60.17389953352099,67.35462402628434,74.75592326720906,58.49255164381929,63.994719657986764,54.719812288264606,73.53760148496697,71.29463652700458,58.241746850154726,63.61117623732823,69.18137997016187,71.65628857142858,70.36574083383633,72.51745170886477,75.2467017714271,72.11078919934457,74.66797877302744,67.93710908462081,71.55404762792968,52.20731375866794,66.84155444364106,72.53564597231471,66.17111746599424,59.7793406617542,71.2023882632718,67.61698519752815,69.76435184994342,66.69371844970462,80.58559112672944,80.58638214939133,59.73481778166647,71.31962614833594,63.43773560783022,77.41429207972666,73.27560467080825,82.70151980458597,86.49792663945414,78.88293489384546,58.63696251334894,61.01134,68.53614848539753,65.14377689301223,62.45852421871872,64.35506272611863,73.3582795758358,70.59505310146854,56.7195259855656,86.02024780001747,78.07837865179035,68.13472725749904,64.0495406013746,65.74834680339465,65.8145149031736,77.44308497939814,60.6495899249783,64.02043011298231,69.20119358056532,56.41996495133002,69.99104171176751,69.05804173452242,60.005059091610406,80.85448954704334,68.76703658113297,74.25116333273338,88.52152188695537,86.50065265905292,70.7524776909805,74.08363482201553,70.87383816384454,71.71508175209364,65.04009373416413,64.16489592382761,72.31878474195669,74.79882071896378,74.64560849806928,70.70286098708823,73.59773297155249,73.61076368955845,74.6754460871546,62.541573137608935,96.6076486505652,62.92299983167609,66.21925752368183,69.08419211936278,61.2024739198291,74.83963961849587,74.30452611379367,65.5417055796846,57.64752068514763,77.0060120166992,64.85736815809271,77.03305150923427,82.54145076433821,72.56768217625869
2021,67.52237671357643,79.05955887685613,59.11769050173771,60.89406715601415,65.8467518696626,-3.424877506690217,71.8416835398743,58.01445,63.96712666666669,73.85336650215146,74.61713997771848,57.8897218829897,73.97926489600754,81.41844080169986,80.64556565496206,69.3949479792584,67.46092952058711,67.3984823321099,91.395727500305,62.189531083417364,60.1710585352716,66.92757691097435,77.72300554072582,58.62459401667968,63.97904025262338,54.7242224959102,73.5899904867197,71.29259193548299,58.76994818962948,62.205745323490945,69.1798892057848,71.41108499999999,70.36692564505373,72.52191142394746,75.19037095726627,72.10655952835351,74.70462237573861,67.93710908462081,71.56125378798026,52.21360276413472,66.84155444364106,72.51538796280815,65.69440367723008,59.78547187420893,71.22471821543881,67.61698519752815,69.72304169589907,66.69371844970462,77.54898900392989,90.68351927343096,59.753683943836904,81.73219362651186,63.43773560783022,77.47033063923766,73.19029640680321,82.70151980458597,181.5218679508956,78.84594359077965,58.66776345850428,61.01134,68.53750946093908,65.17708634326885,60.49016135183193,64.37011826100421,73.3582795758358,70.58498031369895,56.721152317804275,86.00420852476785,77.04969533048293,68.13732106103963,63.58443467353955,65.66465570721361,65.81607530447111,77.43187617858095,60.64188855096682,64.02013201781841,68.5950796379918,56.41996495133002,69.99552626550579,69.06293574217193,60.15844641502592,79.29930786405897,68.76703658113297,74.24682466620632,88.51024438679764,86.48430915721505,70.75836282573394,74.08363482201553,71.04135781112026,71.71936322016013,65.04178995541453,64.16257985410537,72.31878474195669,74.82788805417509,74.64560849806928,70.70694875700434,73.59535244419003,73.63146224377576,74.73075261196168,62.04959479021124,97.52986355894124,62.935798759086566,66.22174826884009,69.12384354109018,61.20019172500415,74.82963533184358,74.30621705699582,65.53571310414556,57.64752068514763,77.65310115333311,64.72561167848004,77.07066495695697,82.63330665507772,72.5680098573601
