"","Albania","Algeria","Argentina","Armenia","Australia","Austria","Bahrain","Bangladesh","Belgium","Benin","Bolivia","Botswana","Brazil","Bulgaria","Burundi","Cambodia","Cameroon","Canada","Central African Republic","Chile","China","Colombia","Costa Rica","Croatia","Cuba","Denmark","Dominican Republic","Ecuador","Egypt","El Salvador","Estonia","Finland","France","Germany","Ghana","Greece","Guatemala","Haiti","Honduras","Hungary","India","Indonesia","Iran","Iraq","Ireland","Israel","Italy","Jamaica","Japan","Jordan","Kazakhstan","Kenya","Kuwait","Kyrgyzstan","Latvia","Lesotho","Liberia","Lithuania","Malawi","Malaysia","Mali","Mauritania","Mauritius","Mexico","Moldova","Mongolia","Morocco","Mozambique","Namibia","Nepal","Netherlands","New Zealand","Nicaragua","Niger","Norway","Pakistan","Panama","Paraguay","Peru","Philippines","Poland","Portugal","Romania","Russia","Rwanda","Saudi Arabia","Senegal","Sierra Leone","Singapore","Slovakia","Slovenia","South Africa","South Korea","Spain","Sri Lanka","Sweden","Switzerland","Tajikistan","Tanzania","Thailand","Togo","Trinidad and Tobago","Tunisia","Turkey","Uganda","Ukraine","United Arab Emirates","United Kingdom","United States","Uruguay","Venezuela","Yemen","Zambia","Zimbabwe"
"GE_status","Medium","Low","Medium","Medium","Medium","High","Low","Low","Medium","Medium","Medium","High","Medium","High","Medium","Medium","Low","High","Low","Medium","Medium","Medium","Medium","High","High","High","Medium","Medium","Low","Medium","High","High","Medium","High","Medium","Medium","Low","Low","Medium","High","Low","Medium","Low","Low","Medium","Medium","Medium","Medium","Medium","Low","High","Low","Low","High","High","Medium","Low","High","Medium","Medium","Low","Low","Medium","Medium","High","High","Low","Medium","Medium","Low","High","High","Medium","Low","High","Low","Medium","Medium","Medium","Medium","High","Medium","High","Medium","Medium","Low","Medium","Low","Medium","High","High","High","Medium","Medium","Medium","High","Medium","Medium","Medium","Medium","Low","Medium","Low","Low","Medium","High","Low","High","High","Medium","Medium","Low","Low","Medium"
"1950","62.16758","58.69954","62.90646",NA,"64.61433","65.83807","51.66615","47.47802","65.15080","59.90610","65.18150","68.39401","62.04349","68.72687","59.25636","65.13569","52.63326","65.14561","60.21185","61.00049","60.50410","60.33999","59.40273",NA,"64.67327","64.07893","64.91467","56.97483","47.68605","57.67803",NA,"69.57641","67.03228","66.66252","56.07409","57.69523","54.15904","63.90347","58.65751","71.69606","51.49225","55.85091","48.45985","47.90544","65.16180","68.34946","64.66709","64.93792","66.13550","49.74690",NA,"58.33762","52.20410",NA,NA,"63.66963","56.64748",NA,"61.38213","56.15105","50.99177","56.82318","58.41887","61.20332",NA,"68.67823","58.15609","51.64453","64.27669","53.00247","64.70131","64.49525","57.25647","49.01281","62.60097","49.28548","60.86957","58.82704","58.30374","62.00456","66.66796","61.01946","67.45721",NA,"63.27177","54.77214","55.79893","57.32326","57.44149",NA,NA,"64.95722","59.68084","58.01063","59.88075","67.26588","62.57391",NA,"55.21658","63.02286","51.75219","65.99895","54.41555","55.10971","55.56835",NA,"52.10940","70.06432","64.51425","68.41212","60.04261","60.32124","57.47963","63.41454"
"1951","65.20097","54.34438","70.21036",NA,"63.45541","64.61826","57.68635","48.85684","65.87632","60.42660","59.83142","67.59877","61.79564","67.86451","62.69901","72.38321","58.47605","60.98845","60.58433","61.08288","60.79155","56.10826","60.28817",NA,"61.82413","64.64648","62.57927","59.36445","49.61859","60.12487",NA,"65.18042","68.24951","67.74898","61.54259","56.62088","55.32293","60.94463","57.75431","71.15437","53.96334","57.78861","54.53848","48.82247","65.02108","66.65957","62.39139","64.23388","63.81518","50.53498",NA,"59.80207","57.97631",NA,NA,"66.37655","55.83962",NA,"59.55395","58.14706","54.74330","56.42940","54.66309","58.43479",NA,"73.08472","53.81587","52.70589","66.81432","55.60163","63.20243","61.80549","58.11202","44.06418","65.42973","51.32131","60.72961","60.95194","57.95481","59.91516","66.58227","57.99320","61.87245",NA,"67.49998","53.42138","59.35401","60.56289","57.21862",NA,NA,"66.54648","59.31821","61.16642","60.10954","68.05575","62.48129",NA,"59.45725","63.52693","56.79463","66.03772","53.00277","55.92800","59.27914",NA,"54.48458","69.57880","66.66184","65.89176","61.29954","58.48415","58.54428","65.49684"
"1952","65.30030","53.70153","67.25394",NA,"63.14905","63.25948","60.39762","53.96572","65.84652","60.95809","60.82161","63.33768","63.79401","68.14068","64.57057","67.31916","57.50824","65.46542","61.19967","62.49724","62.21987","57.05922","59.80737",NA,"61.29213","63.60322","56.90096","60.30821","51.62761","57.54225",NA,"69.29183","68.03822","64.84242","59.88222","57.81473","58.44806","60.57506","60.95974","71.05031","55.06923","59.40894","56.52186","56.46351","61.67856","67.78581","61.97106","64.35411","64.40845","54.10113",NA,"59.79312","60.76148",NA,NA,"66.83123","60.44188",NA,"58.39963","59.05707","54.16252","58.45128","55.72021","56.11768",NA,"73.49103","53.98703","58.31292","64.78624","57.27583","61.76812","61.63817","54.42941","46.79174","62.16999","50.23438","63.52314","59.41585","61.04401","62.55084","70.30973","62.30567","67.13615",NA,"66.25628","52.12538","60.10070","55.39604","62.61995",NA,NA,"65.97849","57.26599","56.73456","58.49592","68.34764","64.89353",NA,"61.72845","62.83794","57.07823","63.95510","53.90455","56.69418","60.32481",NA,"60.12297","67.05239","66.95117","63.74071","54.53733","53.82130","59.87101","61.09572"
"1953","63.97491","57.16289","70.47183",NA,"65.52167","64.31749","56.67785","55.78814","65.96997","64.56538","61.27220","65.09184","61.55840","68.95495","64.84351","68.75285","58.23611","67.91986","63.98998","60.73244","62.52590","61.08320","64.67958",NA,"60.82049","66.46688","58.24377","59.55112","53.13729","60.60877",NA,"67.43267","66.16443","63.24024","61.51628","61.20816","57.43498","61.77404","56.85591","71.80718","54.16363","57.86261","53.56021","53.83635","63.21027","65.41301","64.28507","66.40258","63.48627","53.52174",NA,"60.70688","65.00922",NA,NA,"66.43411","54.98167",NA,"62.39248","60.95668","51.73340","55.21263","58.01587","58.42411",NA,"73.93313","55.65156","63.29317","66.87139","57.96874","64.17540","68.67396","55.36061","51.81197","66.85563","51.53112","60.34534","61.49094","58.24503","63.76740","70.35840","61.68042","64.74766",NA,"67.22544","50.55052","60.75230","57.72437","62.39893",NA,NA,"66.47089","59.41062","56.76102","56.98874","68.94043","63.03706",NA,"59.98692","67.13863","56.82573","63.84657","57.95452","56.51391","66.46885",NA,"60.98226","67.16284","66.15977","64.53370","62.92147","56.35735","57.29362","62.68590"
"1954","63.61815","62.10764","67.38260",NA,"65.51696","65.99413","56.23914","53.92033","64.20976","60.54518","61.64045","67.43385","60.28268","69.05378","64.32025","68.68359","58.02255","66.86575","62.75082","62.67805","60.71546","62.48629","60.86770",NA,"63.25551","67.86776","63.10045","60.18192","52.83762","59.67929",NA,"71.69453","69.58180","70.90981","62.32437","61.02215","57.53892","58.65223","58.58661","71.74039","52.55800","58.80726","51.08517","52.22680","65.45490","68.06918","64.22814","66.55008","67.07023","55.03356",NA,"61.17068","55.20303",NA,NA,"63.31887","56.52960",NA,"61.66678","58.38163","53.63063","57.65841","62.08381","61.82391",NA,"70.50601","55.06582","60.71572","64.73837","55.37558","64.02504","66.03099","54.74091","51.82054","65.31007","49.61600","61.99516","60.39095","59.15426","61.35966","71.30064","63.69682","69.53341",NA,"69.06536","52.67633","59.43781","56.31291","59.21110",NA,NA,"66.30763","60.31384","58.47132","57.97717","68.10829","63.36553",NA,"60.42324","64.36121","55.53210","65.93912","54.69043","56.51254","57.72279",NA,"57.31932","67.09538","69.74668","64.40312","57.72444","55.85116","59.68623","63.38610"
"1955","65.13170","60.28152","70.71989",NA,"64.10161","63.85683","52.38044","47.83739","67.58433","57.89079","59.28074","70.99600","63.28164","70.64997","61.38293","66.86877","54.81909","68.24676","64.57091","63.84619","59.74357","60.18667","64.51939",NA,"68.97797","68.18942","63.78551","61.58773","49.56743","60.80698",NA,"70.50426","66.30014","66.29886","60.00889","59.88619","56.14266","59.58848","58.56915","70.33281","50.41439","57.51284","47.29740","48.79713","67.43734","65.03465","65.01865","69.62383","66.68367","51.15677",NA,"57.72304","54.50789",NA,NA,"65.85687","57.70544",NA,"60.42920","53.18178","53.46460","61.93500","58.89131","61.42262",NA,"72.37981","57.68886","60.08539","66.01111","54.91061","67.62459","64.36594","57.26347","49.77364","66.36396","48.41292","64.96211","60.60404","56.83001","62.09769","72.93622","63.86956","70.45470",NA,"66.35398","51.37253","56.26897","57.86952","57.10339",NA,NA,"66.37741","60.20744","60.55348","59.61158","70.93458","64.59187",NA,"57.97693","62.21300","53.64151","65.22657","51.66143","57.92913","56.46512",NA,"55.20845","68.71338","70.21658","67.76017","62.59898","54.98200","60.70492","63.43790"
"1956","64.62185","56.49577","71.63504",NA,"63.01003","62.70914","55.59869","51.75612","65.65487","61.16294","58.63967","66.72066","61.57831","69.71356","64.67811","66.03776","54.53059","65.61497","62.15116","63.72430","63.66704","62.16712","63.36650",NA,"65.38796","68.03382","61.68087","60.28994","53.22376","59.49840",NA,"71.57929","65.06641","67.04141","63.36219","60.29794","56.20182","62.10628","58.36479","72.98108","53.64754","61.25946","48.95998","51.93422","65.63200","67.82981","64.24196","66.75444","62.67938","53.96789",NA,"59.62255","56.70966",NA,NA,"63.15040","60.21440",NA,"62.27066","58.72927","51.56136","57.85625","62.26297","61.87360",NA,"73.35430","57.74013","61.56854","66.83873","58.99714","65.36840","64.66692","54.88362","49.76091","64.08246","51.93915","63.13197","59.32004","62.27888","62.49688","71.68440","60.52529","70.54719",NA,"67.16993","50.97141","57.47472","58.28875","56.83222",NA,NA,"65.16758","60.97166","58.44903","59.64477","68.17108","61.71578",NA,"58.30395","63.52115","57.84298","66.41412","53.73515","56.78417","61.28737",NA,"54.93891","68.28871","68.55574","66.98942","58.66137","56.07732","58.28931","64.10318"
"1957","62.48899","57.06935","64.95178",NA,"63.65079","64.69004","55.60165","57.14058","69.03476","64.44112","58.25155","65.35017","62.84763","70.36733","67.25175","64.01777","59.46495","66.38844","60.32252","64.52861","63.22449","61.70185","62.81323",NA,"58.44169","64.45270","59.12619","60.11562","51.85676","60.42476",NA,"72.33427","65.71029","68.38615","64.47396","61.22942","56.46676","62.02005","58.90168","70.27804","53.07077","61.61047","49.61289","50.68503","63.70995","67.38354","63.63761","64.56080","63.55712","51.68517",NA,"60.59082","61.32645",NA,NA,"64.83314","54.34724",NA,"63.43104","59.21981","54.45634","59.62110","58.31397","57.61608",NA,"68.15878","55.56502","59.89881","64.31150","58.71518","64.88881","63.66501","55.52489","53.47268","65.11564","52.02769","62.41419","61.25795","61.90870","62.88368","66.44562","61.50878","70.50273",NA,"67.82672","49.49426","58.41968","55.88607","54.01304",NA,NA,"64.63376","61.28894","57.28621","60.52394","70.48882","63.63381",NA,"62.18734","62.79398","59.10577","63.72781","51.19382","52.76172","63.21621",NA,"61.37861","67.10570","69.06564","65.39373","63.29661","57.81437","58.06188","65.81035"
"1958","63.60094","54.26640","62.92968",NA,"62.52919","66.24298","58.71088","52.57331","64.79062","62.18774","61.84144","65.27567","60.33952","70.47757","62.55162","65.52631","58.06633","66.60442","61.61382","63.88120","63.08392","65.03878","63.03167",NA,"61.09601","67.17775","56.96263","58.29833","51.64885","59.38159",NA,"65.96170","67.81761","65.43626","64.18811","59.70093","58.80741","61.37155","59.61508","71.48016","52.32718","59.96299","52.94073","55.53142","64.09366","67.57269","62.32615","66.70757","63.29685","52.65308",NA,"59.33924","59.70765",NA,NA,"66.34605","57.78958",NA,"62.70231","62.09688","51.11592","58.32792","61.87359","60.65497",NA,"66.08782","56.61967","60.81567","66.57889","59.80135","66.13317","65.81239","55.39151","50.88611","64.38337","52.51155","61.63372","59.45930","62.05141","62.21921","62.95069","59.13561","70.68696",NA,"67.86608","51.17122","55.60533","56.16657","59.19168",NA,NA,"66.89733","58.89373","60.45292","62.09859","68.97972","64.64516",NA,"59.99318","63.18571","59.49770","63.68024","51.55901","56.97572","61.54615",NA,"63.32696","66.21924","67.52183","66.24137","62.49203","57.01888","56.54243","62.14416"
"1959","65.60477","52.89916","63.66285",NA,"64.88904","62.56551","57.49119","50.57540","68.29306","61.11666","59.14967","66.28543","61.52146","73.15446","64.93518","64.72081","58.97737","64.53566","59.16571","62.20896","62.37249","64.02339","62.70382",NA,"59.75307","66.77487","59.13889","60.16076","50.62555","58.89177",NA,"69.22610","66.31011","66.04736","61.86111","58.75412","57.75664","59.21994","60.30905","71.07200","52.78126","58.82025","50.79666","51.46264","65.19174","66.21912","63.81830","67.49876","65.20533","51.22489",NA,"59.94704","55.03831",NA,NA,"62.45402","57.32247",NA,"58.22098","56.50889","54.77663","58.86107","57.92806","60.11885",NA,"67.01574","55.40447","59.85195","64.67024","52.61715","68.70646","64.61242","54.70714","48.61050","66.20469","50.22579","61.70577","60.96105","63.32815","62.22137","69.24799","60.83667","71.54563",NA,"64.08300","53.47979","57.89923","54.77422","61.22216",NA,NA,"65.23399","59.82914","56.37994","59.80235","66.33485","63.25368",NA,"59.00938","62.91080","58.27627","65.73015","51.97755","59.24064","57.16943",NA,"60.34641","70.14394","67.13264","66.42925","59.09471","51.63027","58.23068","61.92796"
"1960","65.35968","53.62938","62.84982",NA,"64.39462","66.41280","56.68553","50.10794","66.08270","61.36096","57.85696","67.33536","59.24515","71.35456","63.96122","65.10507","53.93303","66.24536","58.62724","62.82483","62.93277","62.87989","64.05588",NA,"62.05193","64.68681","60.40250","63.07965","47.47864","60.75526",NA,"70.85031","67.54647","69.29671","60.13287","60.08337","56.41971","57.27103","60.70736","72.12131","52.01066","61.40886","49.74023","53.94734","66.04470","63.74697","63.41028","69.26360","66.06459","50.63802",NA,"56.99699","55.09729",NA,NA,"65.46114","57.23101",NA,"58.02323","56.18502","50.29081","59.29634","57.81642","59.83595",NA,"71.55824","52.99336","57.51214","58.91045","52.02433","65.32327","65.83954","54.62802","45.29888","64.89311","49.80791","62.75507","60.19519","61.80715","62.53284","68.80028","60.86403","70.41004",NA,"63.68320","51.95341","53.18824","57.69747","59.84973",NA,NA,"63.89813","58.04211","59.73685","59.95604","69.76097","63.57214",NA,"59.82464","67.52903","59.07004","64.75368","52.09438","59.84582","60.75213",NA,"54.92467","67.11127","66.04674","67.19993","59.40705","52.95689","59.00058","63.02335"
"1961","64.12796","54.45612","62.85735",NA,"62.88806","67.49896","57.56164","49.05417","64.53585","63.38452","58.94267","65.65259","61.03778","70.94096","63.17921","66.34908","57.84316","63.11510","60.16833","63.76305","64.44376","64.26241","60.92102",NA,"63.09096","69.09591","57.22232","57.20062","51.69911","58.60726",NA,"72.54786","65.68580","68.66462","63.56820","63.09429","57.78858","61.61394","59.04498","69.59790","53.21261","57.99463","52.56613","53.23591","62.43044","66.19430","61.08036","66.73040","67.40113","50.32862",NA,"60.61271","55.65403",NA,NA,"66.16291","55.07102",NA,"63.68485","57.55340","53.71455","60.12053","58.49688","61.95156",NA,"72.48853","53.96997","63.12918","60.14198","54.58287","64.20735","63.62965","54.37727","48.98635","65.49128","49.35817","62.06487","59.91454","57.59843","61.41679","72.32877","64.13106","69.29892",NA,"65.64857","52.31017","56.22006","59.54174","59.03570",NA,NA,"63.84488","59.43745","61.00175","60.58583","69.12913","61.98948",NA,"61.26071","62.71216","58.28210","65.03281","50.62179","56.77569","63.18189",NA,"57.56435","66.31933","66.93426","66.42076","57.62406","52.73465","61.03112","64.90952"
"1962","62.44348","52.25175","63.32052",NA,"65.20000","64.31353","55.06251","50.90315","66.77988","61.16525","57.14878","62.07009","60.18630","73.28008","62.07425","63.56255","58.98197","63.80248","61.39588","62.06039","61.60351","62.70656","56.27626",NA,"65.90671","68.11269","59.34359","55.79553","52.60686","59.31040",NA,"71.02345","63.91671","66.84625","63.09906","61.22538","55.65121","61.84109","58.11804","72.50734","54.46631","61.38426","59.04931","56.69408","64.87740","66.53566","65.10324","69.25273","67.57667","54.19746",NA,"59.47895","52.99704",NA,NA,"64.98360","56.48303",NA,"64.62572","60.37897","52.24103","59.64018","57.24220","63.26995",NA,"71.11512","56.39495","60.54358","62.48628","54.01503","67.57782","65.01410","53.98825","50.86440","65.34519","51.10452","60.66079","57.31794","59.21652","63.74068","69.97005","62.16208","70.13576",NA,"63.49717","52.13361","55.54405","57.98425","59.68428",NA,NA,"59.77359","60.48867","61.76371","57.69728","71.95857","65.43515",NA,"62.36077","60.47779","57.18644","59.57052","52.01763","53.92056","61.48217",NA,"61.58925","66.46702","67.95110","65.77889","59.05764","56.90289","61.71757","64.80172"
"1963","65.28160","51.72407","63.87975",NA,"64.36491","65.66913","58.27366","55.21279","68.02811","57.10190","61.62496","67.32203","58.46460","73.67101","62.37349","65.48251","54.96818","66.81345","61.26866","62.04613","61.14345","62.57127","58.30774",NA,"63.18183","65.44227","61.75527","56.92670","53.57105","62.06955",NA,"70.38453","65.66713","64.79287","61.85849","61.59627","55.28718","60.85229","56.20218","73.25960","53.92651","62.50502","55.75208","55.28163","62.69998","64.91104","65.61256","70.08564","66.67524","49.86883",NA,"58.98659","53.56205",NA,NA,"66.96071","56.98386",NA,"64.52975","58.75928","53.88062","61.58785","62.09036","60.98285",NA,"71.73806","56.70489","59.78564","64.97609","55.05129","66.96268","62.68241","53.49556","50.00419","65.66587","51.86301","63.81533","58.89087","57.44010","62.59955","69.71006","63.85968","69.92732",NA,"65.82608","52.47296","53.85474","60.86906","63.64637",NA,NA,"64.88984","59.89300","64.66387","55.54732","72.52880","61.68645",NA,"60.77661","61.64184","53.55114","63.13397","55.53572","55.69108","63.72191",NA,"59.05716","68.99565","67.30764","62.01354","61.63605","51.81604","60.56681","63.66432"
"1964","67.34187","54.88598","63.50681",NA,"65.58006","65.50937","57.88183","50.80056","69.91120","59.82138","59.15499","70.70099","63.02292","74.28001","65.28250","66.49146","56.23652","66.46283","59.57878","64.44327","64.46180","60.65975","58.64307",NA,"67.13094","67.84010","61.98003","61.52604","54.55862","61.31263",NA,"73.01793","63.35200","68.80806","61.72811","59.07941","54.66038","61.19414","60.06703","73.46746","50.41234","62.71889","53.93795","54.89152","63.99235","65.71345","64.50012","67.66067","63.84332","51.72077",NA,"61.71703","53.57626",NA,NA,"66.03268","56.72129",NA,"62.10855","60.70790","51.48705","59.69665","57.49465","63.23268",NA,"74.23021","54.08164","60.42249","66.01654","55.97321","67.49293","67.37304","57.45737","47.69746","64.75426","52.45354","60.98865","60.90676","61.33989","67.69111","72.84723","62.65220","71.65826",NA,"65.60413","53.50786","55.95419","57.25116","61.20056",NA,NA,"65.56540","61.90261","59.91520","59.14613","68.85965","65.61534",NA,"58.86188","63.84485","56.62182","62.32903","53.86091","61.40371","61.99667",NA,"59.88055","68.02579","68.23998","67.20748","57.95818","52.53242","60.03178","66.67691"
"1965","66.60381","51.15082","64.99770",NA,"65.74017","66.14779","56.31524","48.39817","66.47280","57.55696","59.48243","66.46952","62.65381","72.16187","62.23926","66.03039","55.98121","67.35532","58.03126","67.59390","65.72253","64.10338","63.08397",NA,"69.15657","65.79738","58.02160","61.96075","49.73735","61.89142",NA,"74.10888","67.61074","67.89448","63.39158","59.38268","56.15656","61.70148","61.57126","73.95471","51.37025","59.36137","52.66008","52.92542","66.53478","67.99217","63.28424","69.29426","66.75613","50.12228",NA,"57.45337","54.07817",NA,NA,"65.95314","56.15222",NA,"59.41850","56.39815","50.70799","57.76761","60.01979","59.59127",NA,"73.45243","53.22137","57.82081","65.71345","54.83485","67.10874","66.15141","54.52945","48.10075","68.54046","52.16907","64.06266","60.67249","60.06010","65.77951","70.95353","62.22078","70.31934",NA,"62.18994","51.52594","55.43181","57.88017","62.29272",NA,NA,"66.41893","59.50242","60.23456","61.54193","70.08254","64.71029",NA,"57.64831","63.15021","54.34713","65.39870","51.54270","55.88996","58.64719",NA,"58.59549","68.90784","67.24675","65.57533","61.42799","49.88948","59.25336","65.93225"
"1966","69.93012","51.64576","64.38814",NA,"64.54566","64.82035","58.11655","55.31221","64.42443","59.52176","57.12542","65.04664","61.37240","70.74890","62.66480","64.99160","58.29232","65.25465","59.55707","65.48604","65.51402","63.52509","63.11384",NA,"62.78908","65.34526","60.43083","61.89390","49.94418","63.05233",NA,"72.41521","66.01995","65.69969","58.46927","61.69176","56.34903","62.29412","58.83925","72.65233","50.64604","59.50618","51.99140","53.44171","64.12440","65.59864","65.12965","68.43389","67.51615","51.00138",NA,"58.42643","53.79240",NA,NA,"63.47959","56.89387",NA,"58.84412","61.27669","51.75920","57.48488","62.48582","64.21728",NA,"74.01496","53.03630","61.73334","66.97308","55.25286","67.32409","63.54050","50.52346","49.51292","64.05019","52.02439","63.22261","59.21897","61.54531","65.09564","69.36373","65.67437","69.08910",NA,"67.55025","55.69148","54.25660","56.79934","60.81624",NA,NA,"63.98070","59.97563","61.08721","61.99865","71.51097","64.29008",NA,"62.74981","62.09992","55.51586","66.21310","51.66452","54.82663","56.94824",NA,"60.14156","68.20952","66.37512","67.42745","59.46102","54.91582","62.26293","62.93422"
"1967","67.81911","55.53942","63.23511",NA,"64.38762","63.41960","56.85218","51.02179","65.10976","59.60754","60.73588","65.53677","59.65844","69.06936","65.34479","64.02701","56.04072","66.46565","60.81821","67.69433","66.20231","60.76982","62.44740",NA,"63.54395","69.99582","58.72253","58.19468","51.93161","62.48947",NA,"72.55233","68.01239","68.09950","61.79559","59.99118","59.46271","64.24166","58.25191","73.90646","54.08543","61.51074","53.04871","57.64121","63.07376","66.05831","65.01639","66.36862","65.97217","53.34730",NA,"58.30852","52.50019",NA,NA,"66.47249","61.62328",NA,"58.53747","60.34204","53.76620","55.28415","60.46514","58.68481",NA,"73.23847","52.76935","58.54968","65.96276","56.53133","68.61413","63.70573","56.35505","49.82392","64.72001","51.79285","64.15019","59.93878","58.67628","63.97562","69.83914","61.95042","69.06744",NA,"67.11662","55.33464","57.25877","58.96649","62.58551",NA,NA,"61.01794","59.47785","60.68347","61.94971","69.89603","64.56416",NA,"60.01203","63.56934","56.78749","67.17595","52.45005","57.49074","58.17533",NA,"62.23835","66.12920","69.44145","66.24331","60.06603","57.95764","60.78192","63.36666"
"1968","68.38757","56.04341","65.57372",NA,"63.70080","64.60013","57.75719","55.46731","67.77665","63.21498","61.31049","64.31992","62.65665","73.50598","63.70412","65.98108","56.79988","66.71038","62.08543","65.79248","65.00391","61.16923","62.16907",NA,"67.39408","68.24260","59.21631","62.12360","53.95194","60.17110",NA,"71.35189","66.51594","65.33363","62.48130","60.15692","58.38854","64.13379","60.53435","72.08140","54.51552","59.85219","58.03971","57.87584","65.36882","66.08795","66.13412","65.48988","64.91126","53.66132",NA,"58.37575","52.52242",NA,NA,"66.89609","60.26903",NA,"59.24124","58.97886","52.74495","54.45006","59.55765","61.37771",NA,"75.42434","56.29861","61.46180","69.54350","56.89035","64.18694","66.81343","57.63651","50.41130","66.74241","50.05777","61.08027","61.54267","57.56990","64.03281","70.52883","62.41887","66.57096",NA,"65.95941","53.18317","56.57492","59.54546","61.45724",NA,NA,"61.46395","60.59918","59.99206","64.66628","69.67741","63.48278",NA,"59.32993","62.16022","57.36488","66.48015","55.65606","59.71883","61.69432",NA,"62.72399","65.92418","68.10499","65.67479","61.95117","56.36754","58.74181","61.75291"
"1969","66.84537","54.06096","65.15246",NA,"62.68850","67.08368","57.35093","51.32110","65.36352","62.48729","59.41818","65.07738","62.14647","74.33293","67.84407","65.78140","56.53924","67.30266","59.85398","67.34597","67.37291","65.56666","62.31149",NA,"67.26494","68.76298","58.02441","63.28987","51.20949","62.31818",NA,"71.83257","66.11904","65.42748","60.18551","65.51716","58.03556","62.88001","58.90210","73.22770","53.25392","58.71192","53.33435","51.71813","63.19626","67.14110","62.37213","62.13112","67.53680","54.20348",NA,"57.14867","56.31465",NA,NA,"64.99789","59.96475",NA,"60.03001","58.01025","53.30483","56.00139","60.44605","61.11740",NA,"74.32419","55.68755","59.99906","66.51479","53.13898","65.82989","69.01017","53.06270","48.93021","65.94848","53.36614","62.62433","60.54434","60.82149","64.57971","72.72019","64.47098","69.03820",NA,"67.87567","53.65894","55.03929","58.08506","59.94970",NA,NA,"64.09157","62.82574","59.40237","61.43901","71.91266","64.79148",NA,"57.22523","66.11201","59.72088","65.02223","53.61659","57.88089","59.11060",NA,"61.27818","67.95179","69.15238","67.74897","61.92902","52.14539","55.36549","63.12601"
"1970","75.20734","53.19522","66.63145",NA,"65.85300","65.61132","55.96696","52.06848","64.59623","62.41076","61.57759","68.98721","61.22413","72.26803","65.91859","64.49605","55.33272","67.64470","60.62644","64.88492","67.53369","66.31504","66.53478",NA,"64.56197","67.66043","58.38852","60.42858","52.18906","61.27928",NA,"72.94361","66.24201","65.61357","61.31374","63.97019","59.05351","65.50161","60.73219","71.85643","52.94291","59.71245","53.14227","53.95802","63.57255","65.90427","62.57025","60.33839","66.67244","52.99204",NA,"58.71849","53.23768",NA,NA,"65.72472","56.35479",NA,"59.53429","58.93309","52.02477","56.16787","60.49281","61.43260",NA,"71.65629","53.91096","57.22153","65.31194","53.12669","64.44228","68.52551","53.76365","46.62114","66.64575","52.47831","62.61779","63.56948","65.12432","65.19156","73.61804","61.32611","70.97581",NA,"65.05717","52.13754","57.94654","56.85789","59.84767",NA,NA,"65.06277","61.05383","60.22399","59.46572","71.18265","64.43913",NA,"57.33361","68.68076","57.60358","64.92225","54.03251","59.71039","57.97954",NA,"58.72692","70.57550","67.32668","68.17805","60.21438","50.21427","58.25941","65.69242"
"1971","74.63924","53.45152","66.55437",NA,"64.37925","65.08326","54.22186","51.12118","66.22375","60.39634","61.40340","68.80137","66.30530","75.92568","66.86233","67.55921","57.65685","66.63298","61.90633","67.32798","66.01790","64.55992","62.81756",NA,"65.55293","69.18592","56.50740","62.68893","51.58967","59.73486",NA,"72.86391","67.48113","67.58561","60.36802","60.09392","56.47146","66.62391","63.33633","74.41479","51.60211","59.23256","55.43030","52.97881","63.11510","66.93292","62.00527","64.75513","65.69729","50.72750",NA,"60.18322","57.19621",NA,NA,"67.13473","57.02349",NA,"62.71448","57.51705","52.95290","55.57117","59.17119","63.70454",NA,"74.94944","55.14269","58.31964","65.50207","53.70124","66.61749","65.66755","55.86618","50.07539","66.14463","51.35372","63.46450","58.67500","62.57262","63.29845","72.81875","64.32752","65.73257",NA,"61.78296","52.02121","59.07000","58.60945","62.42108",NA,NA,"65.21554","61.37341","63.03755","60.46342","72.18504","66.18112",NA,"59.91000","64.54085","60.12671","62.49324","55.46191","57.73287","57.46835",NA,"57.64917","68.72231","69.05130","65.58423","58.86398","51.91873","62.11757","66.12685"
"1972","73.34176","55.52521","65.67225",NA,"65.11972","64.82088","55.73475","52.26804","65.70136","60.77702","59.15277","69.49452","62.65570","72.26495","63.56902","68.17247","58.81339","66.33467","64.42297","65.13754","67.16690","64.13404","63.45286",NA,"64.14658","71.94340","60.39420","60.43771","52.06810","60.62045",NA,"77.02973","65.70008","65.49697","60.88714","64.12157","56.88413","66.48259","61.48219","77.98441","49.60219","62.88825","55.47565","57.31532","62.94635","66.51926","65.11918","66.41094","65.59256","52.11036",NA,"57.31437","54.54284",NA,NA,"67.21753","59.64418",NA,"62.92390","59.52822","55.09116","54.89899","57.64980","62.59965",NA,"74.50307","53.90859","64.37672","66.45441","55.40562","68.60205","64.54161","59.65095","50.93410","68.48783","54.16611","60.36565","59.27401","61.42418","62.81860","72.85361","66.52776","70.14147",NA,"62.83625","56.09841","58.48130","56.97062","64.54054",NA,NA,"63.48949","59.78377","62.06432","61.04573","71.60541","67.53140",NA,"57.95077","64.82947","58.00101","62.39961","56.00558","56.19143","59.71346",NA,"57.80898","69.15829","69.05880","64.32772","60.36556","52.38413","56.19457","63.80853"
"1973","73.86468","53.28525","64.38893",NA,"65.07524","64.36306","58.12017","51.12756","67.77531","60.99703","63.61148","67.74893","62.79691","71.55977","66.02365","67.78851","60.04478","66.12203","64.16519","65.49395","66.31171","62.10981","63.25161",NA,"67.89334","70.19241","62.43554","60.29196","50.90619","60.05898",NA,"75.76865","68.03645","63.77149","61.71634","59.46763","56.79025","61.84584","58.59383","76.84199","53.07925","61.44025","58.57526","58.72852","63.01493","66.47770","64.48198","70.52467","66.87596","52.43576",NA,"60.80379","55.22159",NA,NA,"66.04680","56.60989",NA,"61.69137","60.12616","54.55956","55.86925","58.79003","61.82691",NA,"75.49056","54.34793","64.37522","68.73462","55.87111","67.53283","66.47749","57.92565","52.08387","71.26114","52.87689","57.80318","61.53617","62.32906","62.92959","72.09809","64.94853","73.40429",NA,"65.27486","52.70190","60.46949","53.83031","63.08192",NA,NA,"64.21013","61.89162","64.84600","62.31045","76.58173","70.74522",NA,"57.85239","67.06430","60.44144","64.81230","57.61261","56.25522","61.00229",NA,"57.80250","68.24053","71.55656","63.87233","60.90853","54.42285","56.90722","66.01066"
"1974","78.71827","52.80788","65.30497",NA,"64.49733","65.93072","59.62520","46.70059","68.43916","61.44677","61.80594","69.06568","62.36841","74.56269","65.86125","67.50064","58.73019","66.11168","58.89862","68.10351","65.11272","66.75962","64.67999",NA,"67.24808","72.07519","63.44879","60.96203","51.80781","64.54826",NA,"78.12482","65.59413","65.80600","63.50050","62.58612","60.01957","62.84890","59.63399","76.18623","53.85161","63.21977","56.44958","57.99338","66.76177","66.41645","67.33682","70.91588","65.18455","54.86843",NA,"62.07146","57.11702",NA,NA,"66.85074","54.23249",NA,"61.11855","61.16804","52.08559","53.74783","61.97672","62.11848",NA,"75.43155","55.10915","57.26704","63.68903","54.67366","68.57399","65.78496","59.86316","47.65701","69.40856","50.04696","59.08765","60.47988","61.97836","64.70800","72.86023","63.68923","72.73524",NA,"67.92819","51.36367","59.19757","53.05244","61.29983",NA,NA,"65.31234","62.66228","63.83362","65.38205","75.55825","68.61024",NA,"59.41192","67.27691","58.51061","64.48598","56.01586","58.92508","61.55218",NA,"54.08962","68.78055","69.27929","67.58408","59.89450","51.07844","60.41201","64.23387"
"1975","77.14665","51.80100","66.32156",NA,"67.33029","64.66536","58.73746","48.40043","68.62116","61.93197","61.17952","67.23202","62.73666","74.59491","61.09256","67.46147","57.62862","68.28076","61.62608","64.38377","71.88940","67.51445","66.03320",NA,"69.10461","71.07058","64.44979","62.39053","50.00773","62.54451",NA,"78.46201","66.54718","68.10071","65.77482","61.39973","61.49238","60.74914","60.78810","78.29293","55.61095","63.57444","56.35984","55.27104","64.57827","65.39887","67.09955","70.33848","65.67076","53.42182",NA,"59.14441","56.69534",NA,NA,"65.11686","54.67106",NA,"61.14938","59.90742","52.43040","52.55485","60.07125","61.45197",NA,"75.20657","53.82718","58.45737","66.06460","54.18573","69.31937","67.42736","58.36298","49.63883","71.70237","50.43466","62.48836","62.85408","64.62024","67.05567","71.21420","66.21317","70.92445",NA,"66.80341","52.79607","55.38089","55.84010","61.21475",NA,NA,"66.54095","64.15971","60.96030","65.23431","76.15666","67.76230",NA,"60.19475","66.32978","59.73042","65.23649","55.15071","61.01398","63.72356",NA,"52.94445","69.44139","67.89841","66.38661","61.93247","50.17091","60.31540","65.80674"
"1976","77.39373","53.17619","64.82536",NA,"64.53287","67.03257","56.90620","52.27201","67.97331","60.31242","61.85111","66.56155","64.34894","75.45376","64.86431","73.47490","58.85451","67.34760","64.18448","66.47921","72.58434","64.93498","64.18334",NA,"71.74318","74.13287","67.15502","66.15182","52.19145","63.55340",NA,"77.74293","67.15500","67.19251","62.51530","61.08947","59.39683","63.63104","63.27293","81.26841","54.17848","63.14819","54.92064","58.87862","65.68664","66.93818","67.50209","72.02263","64.66142","55.61106",NA,"58.73358","55.70768",NA,NA,"64.96915","57.55340",NA,"64.76725","63.87927","49.06514","55.67366","62.28168","63.72529",NA,"75.10485","51.76362","60.44336","65.07328","55.24715","67.80692","66.83487","61.71362","48.19923","69.12167","49.23795","63.71444","63.35775","64.20885","65.82716","76.53546","66.81598","71.95378",NA,"66.60208","53.00546","54.47943","55.10782","60.38238",NA,NA,"66.73951","65.51147","61.43905","59.44938","76.58637","66.62020",NA,"60.55341","63.97427","59.26367","67.85558","55.60170","58.25291","60.42714",NA,"56.06706","67.82299","68.83411","68.64559","64.00907","55.54018","57.35070","62.31235"
"1977","76.80877","53.49270","63.08388",NA,"68.06734","65.88650","60.98831","51.72078","67.81468","62.25999","62.40335","67.85553","63.50122","73.68041","65.39881","75.36071","59.20342","64.61216","62.89150","62.28540","71.96954","65.55213","65.20209",NA,"69.87117","72.78981","68.62386","64.44317","50.61073","62.57381",NA,"78.51959","68.43641","66.56367","60.12836","61.54025","58.68517","60.39561","57.60292","79.37471","52.82866","59.58713","55.32996","55.68061","65.78019","67.08343","67.33089","69.86035","63.50573","51.67667",NA,"60.55784","58.23950",NA,NA,"67.55819","59.90703",NA,"61.92696","61.64283","52.31050","54.27952","62.16120","65.65464",NA,"72.14993","53.16449","60.35709","68.85336","52.55379","69.17988","66.66061","60.54629","48.40624","74.63820","47.70304","64.45605","61.63612","60.35108","65.85250","75.65225","67.07822","71.53002",NA,"66.93466","54.85642","57.85981","54.64124","63.35690",NA,NA,"64.90452","62.15204","65.44640","59.84845","77.85063","69.41217",NA,"62.83662","63.28499","61.52624","67.90091","53.89981","59.28433","59.85161",NA,"58.22714","68.77038","69.42452","68.23064","61.20633","56.62039","57.85035","63.92129"
"1978","78.44487","56.41862","67.28818",NA,"66.09528","67.89275","59.43671","52.31060","68.64931","58.35140","61.61378","66.58961","64.29256","72.15030","65.47817","73.51072","58.59461","66.67475","62.01901","66.73333","70.28079","64.97423","65.10276",NA,"69.98159","74.78081","65.23658","64.68586","50.98403","63.58671",NA,"78.49551","69.24533","69.08496","61.68875","63.40173","56.54803","62.96411","61.77062","79.34804","56.73575","62.38527","55.65894","59.24830","65.34471","67.81037","67.23030","72.31706","66.03182","55.93920",NA,"61.57372","61.39391",NA,NA,"64.74570","57.23985",NA,"64.10147","65.15442","52.94162","57.92492","62.29462","63.63974",NA,"75.41605","57.83292","56.89945","63.45292","57.76995","69.19110","67.33417","60.42284","63.21892","75.57945","48.34169","66.17863","60.10809","61.12069","66.87349","75.54340","66.06996","69.90310",NA,"67.69770","50.69625","57.92772","55.16917","62.71322",NA,NA,"64.95850","62.88827","65.17593","62.95052","77.29192","65.45472",NA,"67.88483","66.19185","60.09101","65.52134","57.70286","59.94211","64.67975",NA,"56.93732","69.39114","69.82107","71.00425","62.15703","55.13840","59.63738","63.68877"
"1979","78.10341","57.66265","67.21036",NA,"67.35175","68.28308","56.95766","54.21075","68.35534","56.03548","58.45032","70.11735","64.71191","74.52541","68.66409","69.07980","60.68627","68.92439","60.82874","67.31050","70.98016","64.73528","65.24067",NA,"71.64863","76.01388","64.35784","62.86281","52.59042","64.57865",NA,"78.86918","67.93147","67.34602","64.25949","61.88422","57.59552","61.76216","61.23538","77.17707","51.51240","59.14348","59.24922","57.42502","66.57668","67.01140","68.63430","68.75131","67.34427","53.27133",NA,"60.70159","59.95702",NA,NA,"65.64981","56.78060",NA,"64.61508","63.44922","51.48588","58.23955","61.35675","62.87448",NA,"75.12836","53.98250","61.43842","70.66191","55.11467","68.75289","68.14291","59.15005","58.10241","74.66810","50.46762","66.95662","61.71798","61.82722","67.75751","77.35288","68.29403","71.35229",NA,"66.58984","52.98766","58.53201","59.17015","64.70964",NA,NA,"65.39934","65.00138","64.39635","63.54069","79.25995","68.67893",NA,"63.77722","67.45305","61.34864","66.75646","54.54925","57.70240","55.56485",NA,"55.51926","69.16814","68.28382","68.77714","61.99852","54.23511","56.96558","64.13859"
"1980","78.07903","54.85579","67.81253",NA,"66.78989","67.79088","59.11529","50.99323","68.08206","59.61951","58.87536","68.35791","64.23956","73.35202","64.84176","69.01138","63.71752","69.49442","62.20140","67.75606","70.17481","63.96402","64.58443",NA,"69.67475","75.73724","64.97742","62.58541","54.25109","65.88978",NA,"79.72464","67.74170","69.26284","62.12142","63.14124","58.72773","63.99045","61.49608","78.03363","52.44029","60.80355","58.62856","56.65207","66.50923","67.88771","66.87806","69.90933","66.55521","55.85269",NA,"61.42702","59.50676",NA,NA,"66.28513","56.00589",NA,"63.09308","63.47855","52.98381","56.42060","62.83995","64.77491",NA,"76.02579","53.28056","64.22869","67.05854","53.64432","69.62822","66.06101","61.48941","50.21805","74.42588","48.08189","64.83183","61.95365","63.21656","64.79532","76.26802","67.99338","80.37996",NA,"65.43870","51.54827","57.07465","53.32841","62.45242",NA,NA,"65.27820","63.26840","64.52527","63.37307","77.86810","66.15171",NA,"61.13873","68.35600","61.05805","67.17211","56.31231","58.91725","58.15239",NA,"58.53045","68.84786","68.53705","71.27683","64.19486","51.25187","59.44775","66.87285"
"1981","79.73786","54.58980","68.26646",NA,"67.94308","68.81825","57.23558","49.37630","68.02493","60.28108","60.45984","68.64368","64.85428","77.07271","68.30418","73.95692","62.94370","70.37293","63.80674","65.54957","69.66485","65.02861","64.55198",NA,"70.39864","77.41176","63.98258","60.51229","52.01630","67.47169",NA,"79.18658","69.68757","68.74599","58.31152","59.65742","59.44795","61.43719","61.06984","79.60121","54.25983","61.27204","59.69482","58.81973","66.79026","68.62980","65.42967","72.80744","65.43608","56.65597",NA,"60.51910","58.01484",NA,NA,"68.63718","55.56347",NA,"64.72373","62.08529","52.61643","58.66063","62.75974","62.58461",NA,"74.68662","55.35242","65.21168","62.77957","55.65352","68.96071","68.77570","64.22945","51.49038","77.42732","52.23455","63.58126","59.88431","62.63957","64.23079","78.03449","67.00185","80.95380",NA,"64.50242","53.79446","59.41061","54.65577","62.32606",NA,NA,"66.02712","63.55629","64.42574","63.80686","79.94531","69.04603",NA,"62.78218","67.22586","63.92500","68.90181","55.54244","56.53288","57.57287",NA,"58.12839","68.75655","68.31708","69.29018","61.65043","51.64814","60.29867","64.56910"
"1982","73.68742","52.56584","62.17014",NA,"69.68299","69.74473","59.50593","48.99010","67.13923","64.41430","56.64300","71.00106","64.53790","74.50714","65.49037","72.92892","63.36106","69.95789","61.04486","64.56341","74.07210","67.24838","64.49272",NA,"70.56384","76.79953","64.72215","60.89421","55.67105","68.38164",NA,"78.92713","69.17951","66.16602","59.99220","62.08474","58.98937","63.46456","59.52961","80.51468","55.65243","62.31307","53.46710","59.14655","68.65952","66.71257","67.87599","71.51398","66.64941","56.35338",NA,"60.77111","62.40657",NA,NA,"67.14910","57.27502",NA,"64.01016","62.70638","53.07834","58.48543","64.44799","65.09692",NA,"76.84986","55.30122","61.64508","67.65953","56.26013","69.31870","68.42980","66.19841","54.47716","76.92639","50.31567","64.01289","60.39308","62.68910","64.32852","78.05502","67.01192","83.13887",NA,"66.45827","53.05234","59.44697","54.48189","62.66278",NA,NA,"67.45125","63.63221","62.06124","64.41009","80.26797","69.69482",NA,"63.10990","66.41912","59.99262","67.53181","56.02812","60.60343","57.51622",NA,"60.60923","69.38192","71.39978","67.46091","62.07012","54.78006","56.95753","64.24129"
"1983","74.48672","52.95329","64.99467",NA,"67.08007","66.84830","61.14941","53.51717","67.34421","62.72890","61.18661","71.05369","64.22162","74.53887","67.73555","72.79029","63.61169","67.77441","62.15523","68.96698","71.79548","68.59221","65.29057",NA,"72.22631","77.31816","64.10948","61.02321","55.09262","66.66257",NA,"83.39686","69.82922","70.49862","65.56059","63.68885","59.65214","62.83018","60.73822","83.08675","53.36568","63.83396","56.43111","58.38047","66.04476","69.90834","68.06675","71.27224","66.07182","59.07361",NA,"58.71275","59.22449",NA,NA,"66.14697","59.18660",NA,"66.01652","62.23470","52.90240","57.62956","63.14729","65.35547",NA,"76.85761","57.78057","60.99214","65.88228","57.38592","70.37964","69.81214","65.97576","52.50510","77.19543","50.20020","63.40482","61.01414","61.72755","69.80572","75.18408","70.08376","83.00193",NA,"64.17074","56.84987","61.92311","55.53148","65.80855",NA,NA,"66.86687","63.06970","64.78360","62.17870","80.78787","70.71769",NA,"62.32100","69.37994","60.87166","70.24746","55.75548","58.17638","56.14677",NA,"56.65443","68.83898","70.50706","65.99567","63.41885","55.03423","58.73098","67.16325"
"1984","77.02370","53.30867","65.81051",NA,"67.88022","68.76707","62.63150","50.12259","68.27306","59.45355","60.84580","70.88178","66.28580","75.51796","66.43343","74.68727","58.47596","70.15904","63.46544","66.65221","70.64749","65.62229","65.70738",NA,"71.44571","79.67914","64.06241","63.33212","55.98208","69.86259",NA,"82.20452","68.63651","70.09191","66.23363","63.94807","60.15334","62.78537","60.85652","81.78467","54.69427","63.08169","57.08225","62.03582","67.08508","68.70602","68.54191","70.79758","66.71729","57.14157",NA,"60.45767","63.73310",NA,NA,"67.33034","59.49771",NA,"65.14715","65.20890","50.28736","58.96918","62.02238","63.27607",NA,"74.44661","56.65928","61.98665","72.05894","58.60948","72.46492","71.43352","64.15026","50.09160","75.98723","49.20965","65.98053","60.64710","64.92270","68.50579","75.88513","68.93391","79.49446",NA,"66.78937","56.70789","62.35321","54.82468","64.92802",NA,NA,"65.78950","66.25238","66.07527","62.25696","80.49219","68.02641",NA,"61.02138","69.58419","58.78340","69.51245","57.55874","59.81145","59.02227",NA,"60.77919","69.99649","68.63858","69.20376","63.12421","54.27063","57.26625","65.16566"
"1985","75.44241","53.99809","65.19435",NA,"70.02365","67.31512","61.02128","52.06395","70.12561","61.11812","60.58286","72.19227","66.25757","76.40943","66.57249","73.52058","64.09606","71.54983","62.64521","67.60157","72.07032","65.62049","64.40816",NA,"74.50685","76.48685","63.10611","65.49252","56.61361","66.91383",NA,"79.09233","70.30804","68.83838","65.02258","64.22615","60.55817","62.45710","65.31440","75.40735","57.65375","63.06893","56.73257","62.24415","66.76473","68.82841","68.39195","71.08481","67.19434","55.36251",NA,"62.33576","61.77241",NA,NA,"66.80988","58.82972",NA,"61.54747","64.10468","54.20064","57.31741","63.30040","66.19920",NA,"77.84197","55.32862","61.72991","67.23559","58.36345","70.81728","70.76776","63.73447","53.32997","82.09953","52.62216","66.05458","62.32890","67.89246","69.09614","75.06856","68.48007","82.85012",NA,"69.63036","55.03545","62.42209","54.77348","65.76626",NA,NA,"67.98337","64.30982","65.25111","64.46283","81.69913","68.66748",NA,"63.54163","69.50221","60.72098","71.29773","56.69704","62.21739","60.06943",NA,"61.01745","70.17134","70.11706","67.43252","64.19148","49.26206","57.72685","66.56287"
"1986","77.03082","56.12304","64.76220",NA,"70.33000","67.34121","63.23681","51.91322","69.39287","58.05944","61.26275","71.01941","67.30245","77.56273","67.14742","75.42548","61.26463","70.69676","60.71094","67.42250","70.60059","67.89043","66.17351",NA,"79.05149","77.16740","63.62055","61.61760","54.43668","67.70996",NA,"82.88005","70.33489","67.22344","60.27520","64.13389","63.52256","64.07196","63.40990","75.81127","56.68545","65.95313","56.43367","60.48507","68.84952","68.46055","67.63320","69.92237","65.73776","55.80560",NA,"60.09955","62.12338",NA,NA,"64.48119","56.12996",NA,"63.56156","63.13237","53.42366","57.33215","64.47389","63.60969",NA,"77.85461","56.21795","63.74457","64.27432","57.50280","73.67956","72.94926","63.31398","52.02831","81.47827","51.33989","65.78563","61.72359","68.91088","68.08742","74.77467","67.74391","82.22417",NA,"68.65113","53.47904","61.91485","57.19025","66.59245",NA,NA,"67.81552","63.27961","66.31378","62.79859","83.27341","68.34401",NA,"61.14250","70.51291","57.55318","69.40488","56.69720","63.59919","60.41786",NA,"60.74371","67.84692","70.81306","68.88821","62.40367","52.72669","59.06682","68.44026"
"1987","76.61744","55.90661","64.72817",NA,"68.44097","69.56568","59.76449","53.78136","70.30604","59.55319","59.91512","72.08082","67.92504","76.04213","66.40081","75.22182","62.11653","72.65159","60.80730","65.08369","72.61632","69.37489","65.34462",NA,"77.77404","78.05364","66.51667","62.95093","53.93211","66.37450",NA,"82.97648","69.63190","70.66170","62.69820","67.16393","62.63182","61.61445","64.49875","76.04619","56.94136","65.68253","57.36834","56.43940","68.48173","70.14799","71.07477","72.06888","67.41841","57.62471",NA,"61.67379","63.41729",NA,NA,"64.98645","55.90011",NA,"66.38940","61.77100","53.37114","57.74292","64.16226","66.82787",NA,"79.17061","56.37339","60.22447","68.66725","59.12615","71.41063","72.66970","63.94017","49.21379","82.46440","51.05611","65.55048","64.87185","62.39147","68.62381","76.65180","70.80382","79.37692",NA,"66.59202","56.22606","61.29234","54.92140","64.43263",NA,NA,"67.80666","65.02763","68.00189","59.62306","82.91840","69.35127",NA,"61.80849","69.60393","58.44420","69.91155","56.92580","58.32641","59.01897",NA,"61.19053","70.54329","71.08375","68.25570","62.99569","53.26134","58.67338","68.06979"
"1988","75.10562","57.40213","65.79275",NA,"69.14064","69.74159","63.22957","58.21238","70.77696","61.11582","61.66142","70.95674","67.52050","75.52255","65.36357","75.93896","62.36825","73.79482","62.05588","65.78637","72.16676","66.69727","66.63290",NA,"77.85872","81.42086","63.45221","63.49427","53.75557","68.76058",NA,"82.11680","71.00551","70.15140","60.76596","65.05325","59.55254","59.35197","63.69725","75.58380","58.68073","67.89368","56.05823","57.43994","67.75982","68.80564","70.02405","71.34192","67.81775","57.13972",NA,"61.03247","63.47514",NA,NA,"66.10952","55.53754",NA,"63.93385","62.86797","51.98093","59.41241","64.93976","66.81999",NA,"76.81060","58.07941","65.94261","69.95556","56.28184","73.73196","73.06967","62.73582","50.48005","83.12024","52.60343","65.75445","63.02269","65.70146","68.01165","76.13212","70.74091","82.67197",NA,"69.11966","56.49672","58.71377","60.59827","65.20651",NA,NA,"67.00468","66.64618","66.16969","62.02815","87.45754","70.58659",NA,"63.30070","70.51987","57.99837","69.98890","58.02259","57.38413","62.57378",NA,"62.10226","71.12917","71.67244","67.53998","66.72692","53.96054","60.10638","72.67114"
"1989","77.74808","55.73542","65.65238",NA,"69.23687","69.42851","63.27229","61.13213","71.20133","56.78505","61.64774","71.10096","67.03003","76.53845","65.76836","76.14228","63.84928","73.62316","60.96538","66.27006","73.45936","69.76523","67.07752",NA,"78.59781","81.31226","63.66676","65.54767","57.11384","68.58526",NA,"80.96573","70.21410","71.71249","62.53325","67.75313","61.44382","62.45796","67.10897","75.75836","58.47512","65.24035","55.19194","58.99809","67.01859","68.90480","69.77920","69.11745","66.83807","56.31499",NA,"65.77976","60.52308",NA,NA,"68.54279","58.47762",NA,"65.31100","65.66890","55.24320","58.16838","64.80911","65.45835",NA,"79.07453","54.32432","63.57337","69.69304","58.59482","74.67864","73.52840","66.68217","52.07808","82.99117","54.16421","63.65171","70.02567","64.63931","68.64304","76.63059","68.74910","79.44408",NA,"72.17000","57.44595","58.06751","59.11151","67.77778",NA,NA,"65.02342","68.19344","69.81941","65.10296","86.00089","71.76044",NA,"63.03742","70.98101","59.88720","70.91586","58.17038","57.93915","65.96600",NA,"58.33462","72.31449","71.88698","68.71050","65.22567","54.95869","59.07355","68.04330"
"1990","75.86466","56.03071","66.60178",NA,"70.82894","72.71790","64.49448","60.32226","70.72687","61.33192","63.53902","71.92594","68.97459","72.15940","67.17475","75.62312","65.08143","74.53148","62.12173","66.43027","75.32553","69.86977","67.73367",NA,"80.84297","82.03720","68.69157","65.51645","55.21600","70.96380",NA,"83.88171","70.42135","73.53331","63.09449","65.84033","61.23832","62.00148","68.35254","70.48447","55.34231","65.32264","55.07996","56.25324","67.51022","70.31390","69.96115","71.86955","66.89612","58.78069",NA,"66.26568","61.41188",NA,NA,"71.09127","57.12524",NA,"64.41029","66.17156","53.79866","58.86022","64.12615","66.18440",NA,"70.07161","55.20333","62.88259","70.43011","57.30207","73.93104","73.94225","65.40674","53.01030","82.11687","49.92510","66.07319","68.39254","65.61498","69.51458","72.88263","70.57286","70.10857",NA,"71.77280","56.80310","58.53484","56.11126","67.13098",NA,NA,"66.25468","63.91251","70.52333","66.93460","87.71722","70.24185",NA,"63.49132","69.49253","60.57570","71.24931","59.17636","61.69497","63.30982",NA,"62.16958","71.24306","72.02407","69.43513","67.12886","52.24984","61.58900","70.89894"
"1991","68.72457","56.58811","68.31661","70.77196","68.48030","73.11867","61.23820","61.13425","71.84030","63.45911","66.81053","68.29178","67.15804","72.65124","67.22254","76.71603","63.49594","73.45284","61.76903","65.50076","69.72454","71.46330","67.90037","70.15393","80.21741","80.39331","66.49103","67.76964","56.82751","69.55295","74.10607","87.31556","69.40839","73.42455","64.01160","61.89846","60.76695","62.93679","66.27903","72.80038","56.49281","65.34242","56.00575","58.81795","67.30833","68.10921","70.51699","70.23335","67.72374","56.40166","70.19837","63.13402","61.73461","70.89831","72.66032","68.34936","58.89564","73.39165","65.00080","63.45948","54.43017","56.13258","64.75469","64.96664","71.91410","67.44089","56.33538","62.67383","69.92336","60.19853","73.74920","72.35474","65.65840","51.52262","83.93763","51.21470","66.69531","66.82380","66.07411","69.67165","73.81572","70.15261","65.99078",NA,"70.17934","55.23973","59.39413","53.30859","67.90076",NA,"75.22369","68.90983","66.03257","68.56538","64.93951","83.41586","75.16612","68.21428","62.68879","67.85358","60.32651","70.88514","59.40511","60.41370","66.77397","66.17104","60.89677","72.02897","71.92425","69.22185","67.39089","53.68413","60.34316","71.11410"
"1992","68.84731","60.98578","68.39407","72.48145","69.84279","72.40203","57.68800","58.05575","72.26438","60.29660","67.01540","71.62822","68.85616","75.86198","63.28204","78.13448","60.18302","74.27526","65.35658","67.31677","70.95876","71.22449","66.71997","68.07002","78.38289","81.51423","65.47871","66.63125","58.45330","67.59246","72.44775","87.08071","70.39974","74.75790","62.92987","65.45498","61.99469","63.68738","66.82508","74.46552","57.13754","66.02668","58.02652","60.10241","70.29604","68.62914","69.45366","70.53512","68.57291","57.80721","68.30469","64.03940","63.22843","67.12254","73.19165","65.57974","59.04391","71.62626","64.56811","63.31476","52.07743","57.00956","65.04223","63.72948","68.18731","68.90558","55.56883","61.60450","69.39633","60.11896","75.62459","74.69871","66.68146","51.53177","84.14939","54.11227","66.03004","65.93362","63.71237","69.89417","73.77292","70.73517","69.60563","74.63264","68.63555","54.52700","63.37447","53.69356","62.90080",NA,"74.84274","66.74646","66.01568","71.54357","64.07594","84.76554","73.60508","67.83537","63.46381","71.58860","60.61478","73.07518","57.07601","59.03194","64.50735","70.77910","59.85589","70.88789","70.79535","70.65506","67.59370","54.47032","60.29825","66.53119"
"1993","66.81788","61.49272","68.65306","72.41720","72.08934","74.34798","63.24062","58.07798","68.07148","63.04380","68.74047","71.32572","68.93704","74.65377","62.78642","72.77993","63.28959","75.81992","62.91452","67.39955","69.95314","69.20927","67.59793","69.18314","70.33159","83.72568","66.40858","65.53461","56.57979","68.60732","75.60179","86.19706","71.44698","75.07124","64.58243","65.46568","61.74721","61.29892","65.33934","74.60361","58.09092","67.10425","57.58615","60.49921","69.73362","70.51192","68.59240","72.50526","69.04422","61.41180","70.71406","62.04377","60.88914","70.08014","76.01728","69.46279","56.90466","72.35922","64.57613","63.89022","55.14495","54.45655","63.90731","67.25027","70.04357","67.60461","57.62711","61.58854","69.20136","60.86296","75.29704","75.50457","64.68283","54.09602","86.99114","51.59505","67.28007","66.25194","65.07381","68.47013","73.35046","71.37332","69.53926","74.55710","70.20205","57.58394","63.44631","57.55394","66.90098","75.49663","72.90036","66.97311","65.38070","71.54909","63.33548","85.02061","72.22120","68.06155","62.29850","69.24566","60.52249","72.13550","58.41095","58.18878","63.31155","70.48713","60.31826","72.90985","73.09391","69.89007","65.29902","55.50420","61.24135","66.79843"
"1994","68.20743","60.11815","71.51993","70.65203","71.86954","73.98626","65.01400","61.29649","71.08753","64.99480","66.59449","72.44947","66.87877","75.47556","64.75224","68.01139","62.78773","74.03544","60.82102","67.59200","70.65411","70.69449","68.14565","67.62018","72.31263","82.26443","67.36189","63.01910","57.01658","68.33529","75.74548","87.63685","70.38371","77.83884","65.67326","65.44529","64.03857","65.14268","63.75499","73.84836","59.14186","65.25233","57.87486","60.45651","70.37772","69.75595","71.92125","73.85018","68.73675","62.35806","71.92415","62.91230","59.69089","70.85047","75.82809","65.79872","58.17504","71.33056","67.25736","60.61116","53.93525","57.85609","64.16403","68.89908","70.57441","67.37952","57.13142","67.24278","75.48817","58.61758","79.42620","75.55116","63.25907","55.81078","86.64129","51.68888","67.23463","67.86137","66.47744","67.75791","74.81169","71.47556","69.08404","74.42324","65.35224","59.67422","61.84444","59.46037","65.96059","71.01284","73.58137","76.19486","65.35792","72.87426","64.58521","88.32212","74.07658","65.69578","66.13484","68.60308","60.32728","73.99857","60.92347","59.59094","66.19579","71.00128","61.47568","73.47458","73.69168","70.82182","66.53645","55.18671","60.27582","67.66623"
"1995","66.12945","58.76728","74.95071","72.62583","72.06194","77.36331","63.60905","61.62927","72.19802","65.46983","69.99930","72.64928","70.56278","73.66919","66.50355","71.57625","64.19113","75.49005","60.08691","68.70968","70.34771","71.77330","67.93038","68.38357","73.02030","81.08221","65.64191","64.19808","57.52641","68.36002","75.60392","84.67626","71.57318","77.18380","64.70772","65.54123","65.63437","61.91097","66.79542","71.66785","56.76749","66.99621","57.61291","59.07698","72.66975","69.20738","71.47394","74.20573","69.26243","60.07485","69.16988","64.60484","64.52651","68.40731","73.50010","69.22195","57.27584","73.97026","64.87203","66.23617","55.18068","53.85081","64.76786","67.60424","70.01157","70.44578","58.35768","67.96054","77.59848","59.09894","79.91990","76.87562","64.62268","53.21639","87.24696","51.87814","68.46952","65.83810","67.36948","69.42499","74.16058","73.14098","70.76938","73.21450","70.17484","56.66420","62.43383","60.28021","66.61467","73.43057","75.37776","78.06492","65.13883","72.19673","67.03195","90.23500","74.66833","70.30333","67.59610","71.18175","58.43259","69.85156","59.93919","59.84560","67.79562","73.15165","61.48613","71.89202","74.21539","68.50634","66.52108","50.05550","63.73709","68.14993"
"1996","68.22781","58.02132","73.89703","68.84151","74.04292","74.04729","60.51753","61.49845","70.42109","69.66943","70.44528","72.27825","70.56353","72.73435","64.52065","72.26777","62.92101","75.40285","61.87841","66.65502","69.97669","70.51343","67.74485","69.80274","74.29265","82.10718","67.20044","66.24825","54.23960","68.63439","72.97930","83.61974","72.60592","78.69902","65.88093","67.27041","63.83237","66.34448","66.42317","71.45745","58.95300","65.08191","59.41313","59.07444","72.79117","71.24160","70.48150","72.13236","69.72079","56.64018","73.19868","61.03171","59.79549","66.34350","73.80519","66.98679","57.98021","77.32709","63.89504","66.51289","56.63285","57.08779","66.37527","70.05837","73.05053","73.47860","56.22228","70.08494","75.28493","60.25504","81.09427","79.86587","63.58637","48.85297","86.87252","52.63741","67.48695","63.01880","69.58699","69.76491","74.08653","73.28139","70.71433","72.28412","68.40563","57.75839","60.71771","56.02206","65.98692","73.39585","72.37350","78.82984","65.34606","74.88144","63.07811","89.12159","75.99930","70.68603","68.24621","71.09974","58.31367","70.67350","59.12094","59.98984","67.32175","72.18001","61.78844","72.17793","74.50249","69.88800","67.87645","54.18165","65.75204","70.47480"
"1997","66.44489","57.17543","76.43323","71.06032","73.77668","75.27943","63.41279","57.57347","70.40318","67.84593","69.24511","72.52419","69.74366","72.38374","66.80052","69.85657","57.90661","76.84260","63.65249","67.30270","74.48574","71.62535","68.10795","67.56041","74.07630","81.98155","69.35282","67.57183","54.20217","70.70299","75.50028","84.13620","72.40620","79.43446","64.62561","66.00493","65.03541","64.57388","64.96224","73.02892","60.30965","64.16709","58.79663","56.04241","71.86822","69.79873","68.09368","71.29010","69.93501","59.18734","72.79972","63.34717","59.25596","62.58165","74.30778","68.05760","57.75020","75.82857","66.37331","64.84185","58.14911","56.58993","65.02499","69.33899","70.45877","71.48059","56.11306","70.20071","71.55956","58.88284","80.97033","79.41936","63.88840","48.86616","86.46831","53.72050","68.15646","64.41110","71.31215","69.81667","72.13540","71.80233","70.27529","71.89140","69.45586","55.76887","60.72607","56.32804","67.12419","73.45047","70.66515","78.72155","65.62230","73.17303","64.43141","89.24518","76.05263","71.15736","65.40371","70.69676","56.62301","69.47259","61.44027","54.75392","69.19773","70.62140","62.07213","74.94404","73.86731","68.98514","67.62065","57.42603","63.46013","75.73472"
"1998","63.36573","57.33680","80.05666","69.26741","76.45704","77.16870","61.14843","61.86701","71.60982","65.18190","69.35797","72.18389","68.23812","73.06946","68.64648","72.81589","56.35357","76.53527","63.66219","67.75269","72.52798","72.98632","71.43197","69.62204","77.77839","85.31038","69.63343","73.71569","55.50203","71.54369","75.42173","84.60292","74.15221","81.03503","63.54257","65.92499","64.11643","63.92838","67.72264","71.92232","61.57276","67.40313","57.95549","56.40669","71.60448","70.64058","69.52836","72.68282","69.29388","57.71458","73.64667","65.03035","60.18121","67.08651","76.37266","69.37289","55.94796","77.79140","66.29715","66.29215","60.66927","56.13870","66.32419","70.46404","72.69007","71.32675","58.93141","71.23956","73.78764","59.60855","82.22697","79.09387","61.86906","52.57098","85.40313","54.21085","68.62055","66.63765","66.84334","70.36316","75.34185","71.53530","70.40682","73.86108","69.04478","58.42701","61.84073","55.95850","66.11907","72.90676","71.11794","78.72208","66.75285","74.23378","64.57335","90.09296","77.47644","70.04851","66.62416","69.77060","58.26656","70.55976","60.69238","58.20468","64.43579","71.99131","63.27423","75.23700","74.48528","70.77054","68.33181","52.50537","61.07876","73.16966"
"1999","63.03676","59.05633","77.97885","68.68987","76.68530","78.74100","60.03328","60.17981","75.09207","61.66290","67.34425","75.68339","70.88661","72.05336","69.65698","68.02567","62.05747","75.91473","61.83026","68.22631","72.03815","72.95968","70.99177","70.67088","77.71271","86.19873","70.19277","72.00308","57.51601","71.56368","76.33286","85.59519","73.28761","79.65506","66.59903","68.17522","61.64955","65.67495","66.62593","71.53527","59.74948","64.59944","59.61373","57.97446","71.94953","73.66283","69.90914","72.20301","70.01580","57.95427","73.07796","62.15804","61.48556","67.59069","75.91350","72.07685","57.97311","76.38329","65.78143","66.46238","58.94364","57.93207","63.28929","70.23110","73.70267","70.72138","56.40560","72.32050","78.59635","62.48517","82.83651","78.59445","64.75452","53.52633","85.66960","51.97159","68.45196","66.30043","72.48169","71.33214","74.26766","73.31820","71.35819","71.74833","69.50803","58.93025","62.08719","59.72888","65.04519","73.97101","73.27361","79.12898","66.09623","74.72726","65.13538","90.92667","76.44029","70.18330","69.18509","68.36882","61.07936","70.82264","64.91375","60.77536","68.59419","71.72106","64.19135","75.99562","74.97943","69.68352","68.82470","55.77971","63.69313","71.80256"
"2000","65.96570","57.55501","76.70073","70.87064","77.97314","76.67154","62.33653","64.54128","77.15064","63.02411","71.35971","72.65705","69.25881","73.28194","70.43742","70.19067","61.67019","77.32590","64.16601","69.01278","70.64410","72.84904","71.27943","73.85895","74.15114","85.46278","69.72047","72.44896","59.21731","66.67872","77.56230","86.01000","73.63257","80.58768","68.46402","68.35343","64.16489","62.71746","67.39930","71.74000","56.96444","67.06226","59.00616","58.75591","71.66739","73.79046","69.87971","73.50055","70.42461","59.08016","73.95464","64.20127","63.85499","70.48395","76.02624","67.78178","58.44411","74.99428","67.16999","67.84842","58.44652","59.36620","63.24443","69.28069","74.84864","74.23720","58.37523","69.74396","78.49195","63.73587","83.16400","79.20911","62.72371","51.18000","85.27417","53.94067","68.25239","67.22012","70.73889","71.43682","73.96784","76.17662","73.06712","73.16251","77.67402","60.46809","64.89748","59.72102","67.25403","73.64853","72.44248","81.22100","67.90389","78.09762","65.99242","89.57758","73.72081","71.02821","73.10036","70.06313","59.93727","70.53445","64.69986","63.99617","69.70270","73.00742","64.48317","75.64237","75.00538","73.39632","69.74622","53.68692","66.27287","67.85928"
"2001","66.80990","56.74859","79.98992","69.90647","79.19502","82.22110","58.10905","58.33685","78.96806","67.28808","69.54883","73.99640","70.88992","78.36882","72.47797","69.58085","63.57194","76.81443","63.13400","69.26665","69.17085","70.89176","71.97712","75.86209","74.99475","84.53261","69.87048","73.43528","55.72646","70.17892","77.30079","84.92157","72.06630","81.52268","65.34948","68.88957","64.73184","62.02718","64.32044","72.61212","60.61009","65.95965","59.73814","55.62523","72.12662","72.58839","69.23877","75.09793","69.32985","60.86087","73.30084","63.30368","60.42295","71.52435","77.25042","68.14172","60.67078","74.59476","69.65008","68.05868","56.95207","59.20249","63.46448","71.66670","76.33193","74.51255","57.57994","70.91779","77.71985","64.79889","84.36427","81.17920","66.93923","52.40915","84.24796","58.63761","67.65477","64.03884","72.74294","72.23593","77.33859","75.34441","73.45190",NA,"76.18942","58.17194","65.85408","55.63699","72.49295","73.51019","74.65419","79.23903","68.92783","78.39181","65.70290","90.16086","75.05036","69.15746","72.05485","72.90190","58.86840","69.82253","66.18353","59.17289","70.20252","72.78966","62.50011","76.34711","75.96822","73.30890","68.31623","56.13346","62.02205","67.68346"
"2002","67.81942","61.92719","78.60498","70.45399","78.65244","80.94614","60.49052","53.91543","77.89848","64.20215","67.18056","74.45617","71.26836","79.74937","70.63721","72.77365","59.93314","77.77439","61.85182","69.56904","69.36181","73.34750","80.29048","73.43493","76.45194","85.34151","72.09162","72.76330","57.24527","69.26126","76.85449","86.24084","74.51372","81.29623","68.87637","68.51321","60.29775","61.80145","66.98928","72.51462","57.37386","65.79271","61.76393","56.39674","73.15827","72.72780","68.56620","72.69443","68.04153","60.05996","73.79549","68.17135","58.46153","71.37791","77.18345","71.24411","55.41527","75.25427","66.59171","68.11404","57.83839","60.37495","63.22837","69.76220","74.89528","74.97685","62.18784","74.32546","78.97270","59.69592","83.57824","80.80180","68.57489","51.82636","85.58637","60.13338","69.46083","64.75129","71.62176","72.72580","77.11163","77.24658","69.27292",NA,"75.73396","56.46466","67.60387","59.95226","70.93413","75.39597","74.71893","80.94862","66.84379","77.86971","66.22031","92.20303","76.41667","69.51030","70.36561","74.53616","62.85862","73.20814","62.91910","58.66181","69.98986","71.30157","60.27535","74.12067","75.00117","73.02785","67.58059","56.21492","64.68870","67.41531"
"2003","65.30310","61.14203","77.89756","71.09109","78.16832","81.04241","61.01134","54.69856","80.92169","62.85792","72.60588","77.13788","71.22063","79.15587","71.30745","72.21324","64.49582","78.04537","60.38398","69.91455","71.85576","71.55718","79.45829","75.17318","80.97717","85.09374","71.28186","73.43101","57.73213","68.44802","77.68564","86.85161","72.80002","82.05596","68.51231","68.18909","61.00116","61.22540","64.19922","73.72081","60.21336","65.27754","61.23099","55.08718","73.27089","73.74238","69.01646","73.04612","70.21317","61.59014","73.71310","66.42829","57.99940","69.00200","77.33031","70.49843","56.42526","75.96315","67.35904","67.01385","57.16884","60.45485","64.06813","71.28476","75.68928","73.21710","63.14051","73.14222","78.00163","60.53717","84.34095","80.53664","68.03781","52.01567","86.18466","62.66456","68.64155","67.06139","72.67749","72.65345","76.89569","76.12661","69.62835",NA,"90.18131","58.01445","67.08831","64.88712","72.84520","75.89350","73.90817","81.74702","67.95821","77.68134","63.38919","92.61687","77.24516","72.40220","71.75632","72.71809","59.09013","72.15052","62.97236","58.06092","71.34060","72.89816","60.53057","75.85828","74.72871","73.53097","68.01649","57.95786","63.28403","70.73864"
"2004"," 66.44943"," 58.83034"," 74.28085"," 69.38375"," 74.70102"," 76.61363"," 61.01134"," 59.35026"," 73.44116"," 64.25182"," 67.38916"," 74.10802"," 71.60685"," 78.65406"," 71.47999"," 72.20215"," 63.54454"," 76.15428"," 62.12828"," 67.94286"," 69.81685"," 71.42822"," 70.54846"," 72.93329"," 75.59877"," 83.19368"," 68.51927"," 68.91979"," 57.08092"," 69.26487"," 76.11277"," 85.60176"," 72.18297"," 78.53065"," 65.58265"," 66.57708"," 62.63822","  0.00000"," 66.24557"," 72.60857"," 58.45421"," 65.76250"," 58.81638"," 57.84792"," 71.17295"," 71.08798"," 69.20753"," 72.67764"," 69.07255"," 59.53672"," 72.34815"," 64.06365"," 60.84644"," 70.15856"," 76.95939"," 68.69007","100.00000"," 78.38786"," 65.97516"," 65.61757"," 56.23779"," 57.51389"," 64.44977"," 68.49438"," 77.01314"," 71.24418"," 58.12875"," 68.02060"," 70.25142"," 60.45374"," 80.33691"," 80.85290"," 67.42293"," 52.18593"," 85.56313"," 54.24792"," 67.74148"," 65.24907"," 68.66446"," 70.33138"," 76.32197"," 73.22918"," 71.80830"," 71.73214"," 72.32215"," 58.01445"," 67.90329"," 60.88833"," 67.37696"," 73.81010"," 73.52632"," 80.93000"," 66.73616"," 74.16935"," 64.93662"," 88.79218"," 74.85834"," 69.80045"," 67.12220"," 70.39851"," 63.43737"," 71.35189"," 61.22393"," 59.46542"," 67.15682"," 72.16085"," 61.85996"," 73.71503"," 73.90407"," 70.77061"," 67.60393"," 56.28979"," 62.78262"," 68.56065"
"2005","66.50432","58.82504","74.28198","69.21794","74.73863","76.66968","61.01134","59.53969","73.43825","64.25828","70.00515","74.50029","71.69059","78.40632","72.61594","72.19961","61.97104","76.09459","62.15969","69.20067","45.74855","71.44535","70.57789","72.93329","75.54244","83.19368","68.51982","68.91979","56.61381","69.27990","76.11959","85.66713","72.19189","78.51510","65.57966","66.57298","62.63182","61.11253","63.54515","72.59845","58.45904","65.76406","58.86737","57.84792","71.14843","71.11367","69.14091","72.53491","69.09193","59.52729","72.33435","64.06216","63.53352","63.67822","81.63416","68.68101","60.60049","78.20079","65.98015","65.63635","56.24454","57.51532","64.27144","68.54394","77.66698","71.27661","58.15570","68.02838","74.66992","60.44237","80.52062","77.81330","67.65746","52.18656","86.13196","54.28761","67.73181","65.20203","68.66172","70.33197","76.21042","73.40359","71.82536","71.63009","72.32182","58.01445","68.43968","60.88063","67.36314","73.80587","73.52037","82.46702","67.35443","74.15935","64.95359","88.78090","74.84525","69.86996","67.33034","70.54365","63.43742","71.33962","61.22667","59.46788","67.16862","72.19085","61.83490","73.72244","73.91275","70.77349","67.61829","54.68804","62.76052","70.28948"
"2006"," 66.27375"," 58.81868"," 74.28311"," 69.01067"," 74.77624"," 76.69210"," 61.01134"," 59.55442"," 73.43680"," 65.66350"," 67.38916"," 74.94860"," 71.77433"," 78.60451"," 72.79916"," 72.19200"," 61.97824"," 76.06474"," 62.15969"," 68.01100"," 69.72383"," 71.43250"," 70.58181"," 73.04390"," 75.35936"," 83.20540"," 68.52145"," 68.95282"," 56.61544"," 69.40007"," 76.14686"," 85.76520"," 72.19189"," 78.56176"," 65.57466"," 66.57708"," 62.63822"," 69.44946"," 65.87634"," 72.56603"," 58.62456"," 65.76510"," 61.24304"," 58.10746"," 71.14434"," 71.10511"," 68.04170"," 72.53557"," 69.09790"," 59.57446"," 72.34125"," 63.86949"," 61.80604"," 63.57021"," 76.66346"," 68.68101"," 60.93716"," 78.46269"," 66.00007"," 65.65890"," 56.32213"," 57.59777"," 64.26680"," 68.54890"," 77.77595"," 72.68758"," 60.30195"," 68.03616"," 70.25134"," 60.42817"," 80.97990"," 77.77792"," 67.38943"," 52.18719"," 85.53907"," 54.37141"," 67.73503"," 65.24907"," 68.58510"," 70.33138"," 76.15465"," 73.51986"," 71.89361"," 71.42598"," 72.32141"," 58.01445"," 68.43968"," 60.86523"," 67.28712"," 74.61714"," 73.52870"," 81.85221"," 66.69150"," 74.14934"," 64.95698"," 88.78090"," 74.82561"," 69.88565"," 67.37416"," 70.37618"," 63.43747"," 71.33962"," 61.22301"," 60.11837"," 67.93706"," 72.73087"," 60.97944"," 73.72984"," 73.90841"," 70.76341"," 67.61829","  0.00000"," 62.72001","100.00000"
"2007","66.28473","58.80173","74.28367","68.07797","74.77624","76.74814","61.01134","59.56074","73.43534","64.31205","69.97152","75.22879","71.94182","78.65406","72.98237","72.16577","62.03586","76.04981","62.15759","68.03047","69.53779","71.42394","70.60535","72.96094","75.44386","83.18196","68.52009","68.95649","57.08093","69.45640","76.10595","85.86326","72.28109","78.56176","65.57367","66.93689","62.70542","65.77140","65.86158","72.56401","58.46306","65.76926","58.87664","57.86980","71.11981","72.55111","63.31642","72.53819","69.11131","59.59804","72.52754","64.05829","61.81091","72.04867","76.66346","68.74440","61.27382","78.35044","66.01502","65.68144","56.30526","57.60630","64.27607","70.65330","77.99389","71.27301","58.20575","68.04654","74.60094","60.34720","81.30140","80.85290","67.89199","52.18782","85.49897","54.38464","67.72536","64.98252","68.57689","70.34145","75.95944","73.79600","71.79124","70.66057","72.32111","58.01445","73.26713","60.88063","67.22493","73.84816","73.67969","83.08183","66.67236","74.11933","64.98751","88.78090","74.79943","69.89238","67.40703","70.53249","60.19779","71.29873","61.21982","59.54881","67.20007","72.55086","60.63788","73.73478","73.90841","70.74758","67.61960","54.68804","60.49038","70.65621"
"2008","66.36159","58.79538","74.28480","68.43033","74.62579","76.66968","61.01134","59.49549","73.28863","64.31850","69.94269","75.39690","72.10930","78.45587","73.16559","72.16577","62.03826","75.94535","62.15550","68.04669","69.63081","71.43250","70.60731","72.98860","75.50019","83.20540","68.52036","68.95894","56.62439","69.47143","77.65235","87.02250","72.29893","78.59288","65.58565","66.58321","62.72142","67.97823","65.83204","72.55590","58.46226","66.04674","58.73758","57.87996","71.11573","72.55111","67.54206","72.53885","69.11280","59.60275","74.74015","64.05203","62.08369","81.73246","76.81142","68.75798","61.61048","78.05113","67.60005","65.67017","56.28839","58.54501","64.25522","68.56872","78.17552","71.17212","58.23270","68.05432","70.25125","60.28470","81.34732","77.76022","68.12652","52.40551","85.48293","54.42433","67.72858","64.79437","68.56868","70.33908","75.76423","73.85413","71.72299","70.63505","72.32079","58.01445","74.16110","60.86523","67.18347","73.83970","73.51918","79.70038","66.62769","74.17936","64.99430","88.79218","74.78961","69.88341","67.45085","70.62181","60.20831","71.31508","61.21845","59.56597","67.20662","72.49086","60.60968","73.73478","73.92142","70.73895","67.61916","54.61524","62.67582","70.18471"
"2009"," 65.80162"," 58.79008"," 74.28311"," 68.28524"," 74.73863"," 76.75935"," 61.01134"," 59.60915"," 73.42807"," 64.32710"," 69.76972"," 74.78048"," 72.23492"," 78.45587"," 73.12895"," 72.15055"," 62.04067"," 75.94535"," 63.61116"," 68.07590"," 69.44477"," 71.44535"," 71.25991"," 73.37574"," 70.92796"," 83.14681"," 68.51873"," 68.97607"," 56.62926"," 69.51274"," 76.31733"," 85.89594"," 72.31676"," 78.67066"," 65.58066"," 66.61596"," 62.71182"," 68.71385"," 65.87634"," 72.53970"," 58.46681"," 65.78539"," 61.24295"," 57.88347"," 71.09120"," 71.27640"," 67.47544"," 72.53917"," 69.30344"," 59.60275"," 72.76212"," 64.04964"," 62.41005"," 71.83265"," 77.18133"," 68.74893","100.00000"," 79.13615"," 66.10219"," 65.65514"," 56.26478"," 57.60914"," 63.35981"," 68.60342"," 78.39346"," 71.17212"," 60.30202"," 68.08026"," 74.54059"," 60.27618"," 81.34732"," 77.76022"," 85.23027"," 52.18656"," 85.50699"," 54.47284"," 67.83822"," 64.77869"," 68.56868"," 70.33849"," 75.73634"," 73.88320"," 71.70593"," 70.45646"," 72.32082"," 58.01445"," 75.41266"," 55.77200"," 66.84173"," 73.80587"," 73.67971"," 85.84847"," 66.63407"," 74.27940"," 64.98921"," 88.80346"," 74.77979"," 69.86547"," 67.47276"," 70.67763"," 60.22407"," 71.32326"," 61.21388"," 59.58314"," 67.20531"," 72.68587"," 60.58461"," 73.76195"," 73.91275"," 70.72744"," 67.61742"," 54.61524"," 62.66845"," 70.23709"
"2010"," 65.84554"," 58.79114"," 74.28452"," 68.38887"," 74.70102"," 76.78177"," 61.01134"," 59.61757"," 73.42226"," 64.33355"," 69.72167"," 75.06067"," 91.39322"," 90.68203"," 93.18985"," 71.71702"," 62.04067"," 76.09459"," 62.14503"," 68.10186"," 69.25873"," 71.54810"," 70.60731"," 73.54166"," 75.61285"," 83.12337"," 68.52063"," 68.97729"," 56.62845"," 69.54278"," 76.52189"," 87.02250"," 72.31676"," 78.70177"," 65.57966"," 66.62619"," 62.71822"," 68.95905"," 65.85173"," 72.06817"," 58.46869"," 65.78747"," 58.81175"," 57.88347"," 71.07076"," 71.31066"," 67.40882"," 72.54114"," 69.13368"," 59.70180"," 72.82422"," 64.04666"," 62.43928"," 71.53564"," 77.36629"," 68.76251"," 62.45214"," 79.77220"," 66.11465"," 66.70232"," 56.24116"," 57.61198"," 64.25291"," 68.63316"," 77.77595"," 71.19374"," 58.27890"," 69.52874"," 74.54921"," 60.26481"," 81.39325"," 77.79561"," 68.59557"," 52.18750"," 85.55511"," 54.51253"," 67.83500"," 64.71597"," 68.55500"," 70.33967"," 75.82000"," 73.95587"," 71.89361"," 70.17580"," 72.30735"," 58.01445"," 76.84302"," 60.83442"," 67.13510"," 73.75935"," 73.52751","100.00000"," 66.63407"," 74.34943"," 64.98581"," 88.83729"," 74.77325"," 69.86547"," 67.49467"," 70.72229"," 60.17677"," 71.33962"," 61.08211"," 59.60154"," 67.20269"," 72.85087"," 60.55327"," 73.77923"," 73.94746"," 70.70873"," 67.61655"," 54.61524"," 62.64635"," 70.44665"
"2011"," 65.91142"," 58.78796"," 74.28508"," 68.30597"," 74.88908"," 76.87144"," 61.01134"," 59.64493"," 73.28862"," 64.31850"," 69.70245"," 75.28483"," 72.69550"," 78.95134"," 73.53203"," 72.14547"," 62.04547"," 76.24382"," 62.17225"," 68.14079"," 68.51456"," 71.55239"," 70.62104"," 73.62462"," 75.55652"," 83.06478"," 68.52172"," 68.97851"," 56.63170"," 69.54278"," 76.43325"," 85.97766"," 72.33014"," 80.19375"," 65.57866"," 66.93695"," 62.74381","  0.00000"," 65.83696"," 72.55793"," 58.47030"," 65.78903"," 58.80247"," 57.88425"," 70.40503"," 71.37062"," 67.27558"," 72.54376"," 69.13517"," 59.71595"," 72.88631"," 64.04458"," 62.48312"," 71.23862"," 77.44027"," 68.76704"," 60.93716"," 79.62254"," 66.13457"," 65.63635"," 56.22092"," 57.61625"," 64.21817"," 68.66290"," 78.82935"," 71.19374"," 58.40596"," 68.06988"," 74.53197"," 60.25629"," 81.57696"," 80.85325"," 69.90222"," 52.19379"," 85.63531"," 54.53458"," 67.83177"," 64.57486"," 68.59057"," 70.34441"," 76.34985"," 75.79990"," 72.18366"," 70.02272"," 72.32038"," 58.01445","100.00000"," 60.81902"," 67.13856"," 74.61706"," 73.58702"," 86.46328"," 66.63407"," 74.44947"," 65.00108"," 88.83729"," 74.76343"," 69.86547"," 67.60422"," 70.82278"," 60.13998"," 71.34371"," 61.08211"," 59.65059"," 67.21186"," 72.95587"," 60.57208"," 73.80393"," 73.97783"," 70.24730"," 67.61742"," 54.68804"," 60.49035"," 70.70860"
"2012"," 65.72476"," 58.70426"," 74.38700"," 67.99507"," 79.81156"," 76.92748"," 61.01134"," 59.65545"," 73.41208"," 64.32495"," 69.68804"," 75.50898"," 72.82112"," 79.49635"," 73.67860"," 72.14293"," 62.05507"," 78.07763"," 62.17644"," 69.20084"," 68.51456"," 71.55667"," 70.63674"," 73.76289"," 75.47203"," 83.04135"," 68.52308"," 68.98708"," 56.61056"," 69.61789"," 76.52189"," 85.99400"," 72.39704"," 78.84177"," 65.57766"," 66.68349"," 62.75021"," 71.65629"," 65.81727"," 72.55793"," 58.47164"," 65.79163"," 58.86274"," 57.88542"," 70.95221"," 71.43057"," 67.14234"," 72.54376"," 69.11877"," 59.71595"," 73.03120"," 64.04249"," 62.40518"," 71.26562"," 81.63472"," 68.78062","100.00000"," 80.18376"," 66.14454"," 65.67017"," 56.23104"," 57.62051"," 64.23669"," 68.78681"," 78.82935"," 71.44956"," 58.42136"," 68.08285"," 74.48886"," 60.24634"," 81.66882"," 78.11404"," 70.00274"," 52.19536"," 85.69946"," 54.59633"," 67.81887"," 64.41806"," 68.58236"," 70.34560"," 76.34985"," 74.17387"," 72.43958"," 69.79310"," 72.32020"," 58.01445"," 83.10083"," 60.81132"," 67.11091"," 73.83125"," 73.67978"," 89.22993"," 66.66598"," 74.50950"," 64.99769"," 88.80346"," 74.75688"," 69.87893"," 67.62613"," 70.86744"," 60.16100"," 71.33757"," 61.08211"," 60.11856"," 67.21448"," 73.06088"," 60.54074"," 73.82122"," 74.00386"," 70.72024"," 67.61742","  0.00000"," 62.64267"," 70.91815"
"2013","65.61497","58.70532","74.28677","67.53908","75.18999","77.06199","61.01134","59.66808","73.39754","65.66356","69.66401","75.73314","72.82112","80.14046","73.86182","72.14040","62.13911","76.36321","62.17434","69.20090","67.58435","73.53274","70.64655","73.92881","75.40161","83.00619","68.52417","69.01155","56.61625","69.64042","76.60371","86.02669","72.41488","78.98178","65.56268","66.68963","62.78221","70.92068","65.76804","72.06819","58.47325","65.79371","58.81175","57.88582","70.89907","71.55048","66.17637","72.54507","69.11728","59.74425","73.10020","64.03116","62.48312","71.23862","81.63453","68.77156","62.28381","80.22117","67.60018","66.70236","56.24454","57.62620","64.19732","68.81655","78.90200","71.47838","58.45216","68.09323","74.41988","60.23640","81.89846","78.27325","85.23195","52.19694","85.73956","54.60515","67.78663","64.12015","67.39862","70.35271","80.58448","74.37734","72.64432","69.56348","72.31982","58.01445","84.70998","60.79592","66.84166","73.83125","73.67978","89.53733","66.66598","74.55952","65.02144","88.79218","74.73070","69.88565","67.62613","70.87860","60.26087","71.33348","61.21617","59.68492","67.21972","73.15088","60.50940","73.84344","74.02989","70.72600","67.61873","54.90646","62.62794","72.80416"
"2014","65.54909","58.70638","74.28818","67.70489","75.41567","77.09561","61.01134","59.69966","73.38736","64.33571","69.48624","76.51768","91.39363","79.19907","73.97175","72.13363","62.14391","76.45275","62.18062","68.26735","67.39830","71.68083","70.63674","74.01177","75.33120","82.95932","68.52444","69.02134","56.62032","69.65169","76.54234","86.02669","72.43272","78.98178","65.56068","66.69576","62.80141"," 0.00000","65.65481","72.57008","58.47513","65.79475","58.80247","57.88464","70.87455","71.57617","66.04313","72.54868","69.11877","59.76783","73.16230","64.02967","61.98140","71.34663","77.29231","68.77609","62.45214","80.29600","66.13457","65.71525","56.25128","57.64041","63.35976","68.84133","78.03022","71.49640","58.47141","68.10879","70.25108","60.23640","82.03624","78.36171","70.40478","52.40552","85.77966","54.63161","67.60927","64.22991","68.56594","70.35685","76.54506","74.47908","72.61020","69.41039","72.31964","58.01445","85.42516","60.78821","67.05218","73.81856","73.60011","88.92252","67.35443","74.60954","65.03501","88.74707","74.72415","69.88117","73.85326","70.26453","60.31343","71.33144","61.21160","59.69473","67.22365","73.30088","60.47807","73.86567","74.08196","70.71880","67.61960","55.19769","62.62057","72.90893"
"2015"," 65.38439"," 58.69579"," 74.28987"," 67.62199"," 75.64135"," 77.08440"," 61.01134"," 59.72281"," 73.38009"," 64.32710"," 69.49585"," 76.29352"," 73.11422"," 79.89273"," 74.26490"," 72.12602"," 62.14871"," 76.54229"," 63.61120"," 68.30304"," 66.56111"," 73.53286"," 71.25995"," 73.32044"," 75.31712"," 82.95932"," 68.52608"," 69.03112"," 56.62357"," 69.68924"," 77.65290"," 86.14110"," 72.45948"," 78.98178"," 65.56068"," 66.68758"," 62.80461"," 69.69466"," 65.63019"," 72.56806"," 58.48397"," 65.79839"," 58.86274"," 57.89089"," 70.85002"," 71.66182"," 65.94320"," 72.54933"," 69.13218"," 59.78670"," 73.26579"," 64.02788"," 61.99601"," 81.73165"," 77.44027"," 68.76251","100.00000"," 80.25859"," 66.14454"," 65.72277"," 56.26478"," 57.64326"," 64.27607"," 68.92559"," 78.50243"," 71.47838"," 58.56766"," 69.52879"," 74.17847"," 60.23214"," 82.26588"," 78.45016"," 70.43829"," 52.19945"," 86.13220"," 54.66689"," 67.59314"," 64.18287"," 68.56047"," 70.61489"," 76.85182"," 75.80048"," 72.57608"," 68.79806"," 72.30735"," 58.01445"," 85.96154"," 60.74971"," 67.03836"," 73.81010"," 73.60487"," 90.76695"," 66.74254"," 74.65956"," 65.03161"," 88.69068"," 74.71434"," 69.89687"," 67.62613"," 70.29803"," 60.32920"," 71.30281"," 61.21115"," 59.70822"," 67.22758"," 73.48089"," 60.39973"," 74.22096"," 74.07328"," 70.67420"," 67.61916"," 55.85295"," 62.57638","100.00000"
"2016"," 65.24166"," 58.69473"," 74.29184"," 67.55981"," 76.01749"," 77.10682"," 61.01134"," 59.73544"," 73.28857"," 64.33571"," 67.38863","100.00000"," 73.36545"," 79.99182"," 74.37483"," 72.11840"," 62.15592"," 76.78107"," 62.14503"," 68.36145"," 66.28205"," 71.70652"," 70.64851"," 72.96094"," 75.27487"," 82.94760"," 68.52989"," 69.04581"," 56.72115"," 69.71929"," 76.79463"," 86.23916"," 72.48177"," 78.87289"," 65.00793"," 66.68349"," 62.83341","100.00000"," 65.62527"," 72.57819"," 58.48639"," 65.80307"," 59.12696"," 57.89558"," 70.78053"," 71.68752"," 65.80997"," 72.55359"," 69.15156"," 59.89046"," 74.74097"," 64.02639"," 62.09343"," 71.34663"," 77.47727"," 68.76251"," 62.78881"," 80.18376"," 67.60018"," 66.70243"," 56.20405"," 57.64610"," 64.26449"," 68.96524"," 78.75670"," 72.68783"," 60.30237"," 68.12695"," 74.16123"," 60.20941"," 83.78013"," 78.62706"," 70.70632"," 52.20197"," 85.86787"," 54.67571"," 67.56735"," 64.13583"," 68.51395"," 70.36515"," 76.90759"," 74.66802"," 77.99622"," 68.64498"," 72.30735"," 58.01445"," 86.31913"," 60.71890"," 67.00726"," 73.80587"," 73.61202"," 93.53360"," 66.80635"," 75.39918"," 65.05366"," 88.67941"," 74.71434"," 69.97310"," 67.64804"," 70.38735"," 63.43768"," 71.29873"," 61.20658"," 59.72293"," 67.23152"," 73.60089"," 60.37466"," 73.91259"," 74.08629"," 70.24724"," 67.61394","  0.00000"," 62.49535"," 73.32805"
"2017","63.14640","58.24175","74.29466","66.62710","76.20556","77.21891","61.01134","59.77122","73.37137","64.34216","69.42378","77.47033","73.78416","80.38820","93.19095","71.71698","62.15832","76.84077","62.16597","68.41337","65.90996","71.70652","70.65832","77.29891","70.92768","82.86557","68.53070","69.04581","56.72522","69.73806","76.93101","86.33722","72.56651","78.84177","65.54470","66.67325","64.47321","71.90149","65.63019","72.57008","58.62459","65.81035","59.13623","57.88464","70.75600","71.74747","63.31409","72.55589","69.16498","59.91876","73.52107","64.02281","62.27854","81.73192","77.86567","71.28638","62.78881","80.37083","66.16695","65.79415","56.20743","57.65747","64.24827","68.99002","79.30157","71.51441","58.62156","68.11916","74.11812","60.19521","82.44959","78.87473","70.80683","52.20543","85.94807","54.68453","67.54155","64.12015","68.50300","70.36456","77.10280","74.68255","73.17323","67.93060","72.31893","58.01445","86.67672","55.77185","67.00726","73.80164","73.61559","96.91505","67.35456","74.71959","65.06045","88.64557","74.69797","70.63395","67.69186","70.26453","60.35022","71.30077","61.20156","59.73765","67.23807","77.72211","60.35586","73.93234","74.11666","70.63391","67.62177","55.34330","60.49016","73.58999"
"2018","64.94521","58.70638","74.29833","61.22283","76.35601","77.34221","61.01134","59.77332","73.36555","64.34646","69.39975","77.13410","74.62159","90.68352","74.59469","72.11079","62.17272","76.99000","63.61118","68.53018","64.88673","71.70652","70.70147","73.84585","75.27487","82.80698","68.53152","69.04703","56.71058","71.13371","76.95146","86.41894","72.54421","78.90400","65.54570","66.67735","62.82061","71.65629","65.64004","72.53159","58.48933","65.81139","59.15014","57.88542","70.74783","71.79029","65.21040","72.55785","69.17393","59.85745","73.54867","64.02252","62.30289","71.45463","78.77196","68.75798","64.47212","80.55791","66.17193","65.85802","56.21080","57.64468","63.35978","69.05445","79.33789","71.50360","58.62926","68.12176","74.05777","60.17816","82.54145","79.05164","70.80683","52.20606","85.98817","54.68894","67.52542","64.08880","68.50027","70.36515","77.21435","74.72615","73.19030","62.34845","72.31881","58.01445","86.49793","60.68040","67.01072","73.79741","73.59178","97.52986","66.85739","74.77961","65.05027","88.60046","74.69143","69.98656","67.70281","70.42084","60.36073","71.30077","61.19745","59.76830","67.23938","73.99090","60.32766","73.94469","74.19042","70.61808","67.62090","55.19769","62.46589","73.43282"
"2019"," 64.85737"," 58.70426"," 74.30086"," 66.17112"," 79.81344"," 77.42067"," 61.01134"," 59.77753"," 73.35828"," 65.66358"," 69.40936","100.00000"," 74.87282"," 80.53684"," 74.63134"," 72.10910"," 63.54476"," 77.04970"," 63.61118"," 68.53343"," 64.60767"," 71.72364"," 70.73286"," 74.01177"," 75.24670"," 82.73667"," 68.53370"," 69.50539"," 56.70082"," 71.13371"," 77.02647"," 86.51700"," 72.50853"," 78.96622"," 65.54270"," 66.68963"," 62.91340"," 71.41108"," 65.74342"," 72.52754"," 58.49443"," 65.80931"," 59.17332"," 57.88621"," 70.72739"," 71.71321"," 65.11047"," 72.55883"," 69.30350"," 59.81972"," 73.58317"," 64.02162"," 62.43928"," 71.45463"," 78.75347"," 68.76704"," 64.97712"," 80.78239"," 66.21926"," 65.85802"," 56.23779"," 57.64752"," 64.15563"," 69.08419"," 79.77378"," 71.52522"," 58.64081"," 69.52879"," 74.08363"," 60.17390"," 82.49552"," 80.85431"," 70.77333"," 52.20700"," 86.00421"," 54.72422"," 67.48028"," 64.02608"," 68.48385"," 70.36574"," 77.49322"," 74.76975"," 73.25854"," 67.52238"," 72.31878"," 58.01445"," 86.49793"," 60.65729"," 67.01763"," 73.79741"," 73.67978","100.00000"," 66.85739"," 74.83964"," 65.03840"," 88.52152"," 74.64561"," 69.96638"," 67.71377"," 71.20239"," 60.35022"," 71.29259"," 61.08210"," 59.77934"," 67.93711"," 74.65092"," 60.18038"," 73.95951"," 74.20344"," 70.61088"," 67.61699"," 53.66875"," 62.45484"," 73.53760"
"2020"," 64.85737"," 58.24175"," 74.30453"," 66.17112"," 77.03305"," 77.44308"," 61.01134"," 59.77753"," 73.35828"," 64.35506"," 69.42858"," 77.41429"," 74.87282"," 80.58638"," 74.66798"," 72.11079"," 62.18713"," 78.07838"," 63.61118"," 69.20119"," 64.04954"," 71.71508"," 70.75248"," 74.67545"," 75.24670"," 82.70152"," 68.53615"," 69.05804"," 56.71953"," 69.76435"," 77.00601"," 86.50065"," 72.51745"," 78.99733"," 65.54171"," 66.69372"," 62.92300"," 71.65629"," 65.74835"," 72.53565"," 58.49255"," 65.81451"," 59.08988"," 57.88738"," 70.70286"," 71.83312"," 65.14378"," 72.56768"," 69.18138"," 59.73482"," 73.61076"," 64.02043"," 62.54157"," 71.31963"," 78.88293"," 68.76704","100.00000"," 81.34361"," 66.21926"," 65.86554"," 56.41996"," 57.64752"," 64.16490"," 69.08419"," 79.81011"," 71.55405"," 58.63696"," 68.13473"," 74.08363"," 60.17390"," 82.54145"," 80.85449"," 70.87384"," 52.20731"," 86.02025"," 54.71981"," 67.47060"," 63.99472"," 68.51669"," 70.36574"," 80.58559"," 74.79882"," 73.27560"," 67.52238"," 72.31878"," 58.01445"," 86.49793"," 60.64959"," 66.84155"," 73.83970"," 73.59773"," 96.60765"," 67.35462"," 74.83964"," 65.04009"," 88.52152"," 74.64561"," 69.99104"," 73.85337"," 71.20239"," 63.43774"," 71.29464"," 61.20247"," 59.77934"," 67.93711"," 74.75592"," 60.00506"," 74.22103"," 74.25116"," 70.59505"," 67.61699"," 53.59594"," 62.45852"," 73.53760"
"2021"," 64.72561"," 58.76995"," 74.30622"," 65.69440"," 77.07066"," 77.43188"," 61.01134"," 60.89407"," 73.35828"," 64.37012"," 69.39495"," 77.47033"," 91.39573"," 90.68352"," 74.70462"," 72.10656"," 62.18953"," 77.04970"," 62.20575"," 68.59508"," 63.58443"," 71.71936"," 70.75836"," 74.73075"," 75.19037"," 82.70152"," 68.53751"," 69.06294"," 56.72115"," 69.72304"," 77.65310"," 86.48431"," 72.52191"," 79.05956"," 65.53571"," 66.69372"," 62.93580"," 71.41108"," 65.66466"," 72.51539"," 58.62459"," 65.81608"," 59.11769"," 57.88972"," 70.70695"," 71.84168"," 65.17709"," 72.56801"," 69.17989"," 59.75368"," 73.63146"," 64.02013"," 62.04959"," 81.73219"," 78.84594"," 68.76704"," 63.96713"," 81.41844"," 66.22175"," 65.84675"," 56.41996"," 57.64752"," 64.16258"," 69.12384"," 80.64557"," 71.56125"," 58.66776"," 68.13732"," 74.08363"," 60.17106"," 82.63331"," 79.29931"," 71.04136"," 52.21360"," 86.00421"," 54.72422"," 67.46093"," 63.97904"," 67.39848"," 70.36693"," 77.54899"," 74.82789"," 73.19030"," 67.52238"," 72.31878"," 58.01445","100.00000"," 60.64189"," 66.84155"," 74.61714"," 73.59535"," 97.52986"," 66.92758"," 74.82964"," 65.04179"," 88.51024"," 74.64561"," 69.99553"," 73.85337"," 71.22472"," 63.43774"," 71.29259"," 61.20019"," 59.78547"," 67.93711"," 77.72301"," 60.15845"," 73.97926"," 74.24682"," 70.58498"," 67.61699","  0.00000"," 60.49016"," 73.58999"
"GEI_Means","68.82670","56.53093","69.46752","68.79155","69.93617","70.84015","59.46823","55.38567","70.01697","62.34233","64.18470","71.49717","67.59097","75.30875","68.11096","70.35550","60.22541","71.34920","61.93312","66.41429","67.47839","67.40356","66.57949","72.49502","71.03683","76.34628","64.82838","64.69945","54.25004","65.72238","76.26567","79.76980","69.60705","72.40617","63.52883","63.85715","60.22071","61.70846","62.84468","73.83645","55.83173","63.23909","56.48347","56.61231","67.81767","68.99584","66.56038","70.19792","67.30800","56.22036","72.76638","61.75462","59.37454","71.08924","77.05503","67.19249","61.26669","77.62629","63.97384","62.78342","54.32991","57.51280","62.26379","65.16784","76.06168","72.72487","56.57143","63.94528","69.55867","57.81441","73.66595","72.00382","62.88093","51.20667","77.04623","52.50446","65.12508","62.86498","64.74422","67.23646","74.00301","68.70607","72.14778","70.57666","68.98380","55.27589","64.89438","57.86534","64.19198","73.90227","73.54533","73.54185","63.94304","67.49314","62.90271","80.64238","69.94296","69.78391","63.91810","67.78260","59.30843","68.40433","57.58434","58.66076","63.31322","72.71468","59.69936","70.91398","71.02491","68.61749","64.09216","51.33963","60.45985","68.27775"
"GEI_SD"," 5.1947641"," 2.7873773"," 5.0916919"," 2.3186857"," 5.3235687"," 5.6986092"," 2.7397089"," 4.6018375"," 3.7457751"," 2.6891132"," 4.6262700"," 6.2679220"," 6.7620308"," 4.7166000"," 5.9248749"," 3.6316539"," 2.9917136"," 4.9277504"," 1.5091679"," 2.3917348"," 4.6563772"," 4.4811576"," 4.4800747"," 2.5115896"," 5.8106323"," 7.2855331"," 4.1520325"," 4.5510309"," 2.8021908"," 4.3267137"," 1.2401256"," 6.7081371"," 2.8204269"," 5.9455858"," 2.5268168"," 3.1868663"," 2.9707722","14.0773410"," 3.2998155"," 2.9400721"," 2.9908354"," 3.0338952"," 3.3010491"," 2.9578718"," 3.2946150"," 2.5341930"," 2.6252540"," 3.1072637"," 1.9840972"," 3.5811836"," 1.4303857"," 2.5526269"," 3.5332679"," 4.8983046"," 2.2173325"," 2.0342194","10.9458224"," 2.9744637"," 2.7490917"," 3.5497718"," 2.3186289"," 1.7584189"," 2.6609346"," 3.8970495"," 3.5408578"," 2.7857411"," 2.2975570"," 4.8957458"," 4.7812194"," 2.8747765"," 7.2374661"," 6.3831670"," 6.8906797"," 2.6920675"," 9.1013453"," 2.6187497"," 2.8172786"," 2.7260110"," 4.2430660"," 3.4472571"," 3.3795837"," 5.3059007"," 4.3911712"," 2.7300686"," 4.2938607"," 2.7757056","11.3631459"," 2.5932194"," 3.7195031"," 0.8586151"," 0.9657888","11.2983858"," 3.0881790"," 6.7339008"," 2.6259060"," 8.5255363"," 4.9365717"," 1.1406441"," 4.5554873"," 3.4423309"," 2.4276860"," 3.3116450"," 3.8360743"," 2.0634912"," 4.3288720"," 2.0446571"," 2.5679169"," 2.9544693"," 3.0058475"," 2.4872830"," 3.6519404","12.7246879"," 2.3407281"," 6.5650203"
